File,Date,SiteID
kf5Nov03_2008.cnv,2008-11-03,KL5
kf7Nov03_2008.cnv,2008-11-03,KL7
KL1_01June2015.cnv,2015-06-01,KL1
KL1_04May2015.cnv,2015-05-04,KL1
KL1_07Apr2015.cnv,2015-04-07,KL1
KL1_26Oct2015.cnv,2015-10-26,KL1
KL1_27Jul2015.cnv,2015-07-27,KL1
KL1_28Aug2015.cnv,2015-08-28,KL1
KL1_28Sep2015.cnv,2015-09-28,KL1
KL1_2Sept_2014.xlsx,2014-09-02,KL1
KL1_Jun4_2014.xlsx,2014-06-04,KL1
KL1_June15_2010.cnv,2015-06-15,KL1
KL1_June29_2015.cnv,2015-06-29,KL1
KL1_Oct28_2013.cnv,2013-10-28,KL1
KL_Oct_2013002.cnv,2013-09-25,KL1
KL1_Sep29_2014.xlsx,2014-09-29,KL1
KL2_01June2015.cnv,2015-06-01,KL2
KL2_04May2015.cnv,2015-05-04,KL2
KL2_07Apr2015.cnv,2015-04-07,KL2
KL2_26Oct2015.cnv,2015-10-26,KL2
KL2_27Jul2015.cnv,2015-07-27,KL2
KL2_28Aug2015.cnv,2015-08-28,KL2
KL2_28Sep2015.cnv,2015-09-28,KL2
KL2_2Sept_2014.xlsx,2014-09-02,KL2
KL2_Jun4_2014.xlsx,2014-06-04,KL2
KL2_June15_2011.cnv,2015-06-15,KL2
KL2_June29_2015.cnv,2015-06-29,KL2
kl2_nov02_2009.cnv,2009-11-02,KL2
KL2_Oct28_2013.cnv,2013-10-28,KL2
KL_Oct_2013003.cnv,2013-09-25,KL2
KL2_Sep29_2014.xlsx,2014-09-29,KL2
kl2aug2008.cnv,2008-08-05,KL2
kl2jul2010.cnv,2010-07-07,KL2
kl2jun2009.cnv,2009-06-08,KL2
kl2may2009.cnv,2009-05-04,KL2
KL2nov012010.cnv,2010-11-01,KL2
KL2Oct082008.cnv,2008-10-08,KL2
kl2sep022008.cnv,2008-09-02,KL2
KL2sep2009.cnv,2009-08-31,KL2
kl2sep27.2010.cnv,2010-09-27,KL2
KL3_01June2015.cnv,2015-06-01,KL3
KL3_04May2015.cnv,2015-05-04,KL3
KL3_07Apr2015.cnv,2015-04-07,KL3
KL3_26Oct2015.cnv,2015-10-26,KL3
KL3_27Jul2015.cnv,2015-07-27,KL3
KL3_28Aug2015.cnv,2015-08-28,KL3
KL3_28Sep2015.cnv,2015-09-28,KL3
KL3_2Sept_2014.xlsx,2014-09-02,KL3
KL3_Jun4_2014.xlsx,2014-06-04,KL3
KL3_June15_012.cnv,2015-06-15,KL3
KL3_June29_2015.cnv,2015-06-29,KL3
kl3_nov02_2009.cnv,2009-11-02,KL3
KL3_Oct28_2013.cnv,2013-10-28,KL3
KL_Oct_2013004.cnv,2013-09-25,KL3
KL3_Sep29_2014.xlsx,2014-09-29,KL3
kl3aug2008.cnv,2008-08-05,KL3
kl3jul2010.cnv,2010-07-07,KL3
kl3jun2009.cnv,2009-06-08,KL3
kl3may2009.cnv,2009-05-04,KL3
KL3nov01.2010.cnv,2010-11-01,KL3
KL3Oct082008.cnv,2008-10-08,KL3
kl3sep022008.cnv,2008-09-02,KL3
KL3sep2009.cnv,2009-08-31,KL3
kl3sep27.2010.cnv,2010-09-27,KL3
KL4_01June2015.cnv,2015-06-01,KL4
KL4_04May2015.cnv,2015-05-04,KL4
KL4_07Apr2015.cnv,2015-04-07,KL4
KL4_26Oct2015.cnv,2015-10-26,KL4
KL4_27Jul2015.cnv,2015-07-27,KL4
KL4_28Aug2015.cnv,2015-08-28,KL4
KL4_28Sep2015.cnv,2015-09-28,KL4
KL4_2Sept_2014.xlsx,2014-09-02,KL4
KL4_Jun4_2014.xlsx,2014-06-04,KL4
KL4_June15_013.cnv,2015-06-15,KL4
KL4_June29_2015.cnv,2015-06-29,KL4
kl4_nov02_2009.cnv,2009-11-02,KL4
KL4_Oct28_2013.cnv,2013-10-28,KL4
KL_Oct_2013005.cnv,2013-09-25,KL4
KL4_Sep29_2014.xlsx,2014-09-29,KL4
kl4aug2008.cnv,2008-08-05,KL4
kl4jul2010.cnv,2010-07-07,KL4
kl4jun2009.cnv,2009-06-08,KL4
kl4may2009.cnv,2009-05-04,KL4
KL4nov01.2010.cnv,2010-11-01,KL4
KL4Oct082008.cnv,2008-10-08,KL4
kl4sep022008.cnv,2008-09-02,KL4
KL4sep2009.cnv,2009-08-31,KL4
kl4sep27.2010.cnv,2010-09-27,KL4
KL5_01June2015.cnv,2015-06-01,KL5
KL5_04May2015.cnv,2015-05-04,KL5
KL5_07Apr2015.cnv,2015-04-07,KL5
KL5_26Oct2015.cnv,2015-10-26,KL5
KL5_27Jul2015.cnv,2015-07-27,KL5
KL5_28Aug2015.cnv,2015-08-28,KL5
KL5_28Sep2015.cnv,2015-09-28,KL5
KL5_2Sept_2014.xlsx,2014-09-02,KL5
KL5_Jun4_2014.xlsx,2014-06-04,KL5
KL5_June15_014.cnv,2015-06-15,KL5
KL5_June29_2015.cnv,2015-06-29,KL5
kl5_nov02_2009.cnv,2009-11-02,KL5
KL5_Oct28_2013.cnv,2013-10-28,KL5
KL_Oct_2013006.cnv,2013-09-25,KL5
KL5_Sep29_2014.xlsx,2014-09-29,KL5
kl5aug2008.cnv,2008-08-05,KL5
kl5jul2010.cnv,2010-07-07,KL5
kl5jun2009.cnv,2009-06-08,KL5
kl5may2009.cnv,2009-05-04,KL5
KL5nov01.2010.cnv,2010-11-01,KL5
KL5Oct082008.cnv,2008-10-08,KL5
kl5sep022008.cnv,2008-09-02,KL5
KL5sep2009.cnv,2009-08-31,KL5
kl5sep27.2010.cnv,2010-09-27,KL5
KL6_01June2015.cnv,2015-06-01,KL6
KL6_04May2015.cnv,2015-05-04,KL6
KL6_07Apr2015.cnv,2015-04-07,KL6
KL6_26Oct2015.cnv,2015-10-26,KL6
KL6_27Jul2015.cnv,2015-07-27,KL6
KL6_28Aug2015.cnv,2015-08-28,KL6
KL6_28Sep2015.cnv,2015-09-28,KL6
KL6_2Sept_2014.xlsx,2014-09-02,KL6
KL6_Jun4_2014.xlsx,2014-06-04,KL6
KL6_June15_015.cnv,2015-06-15,KL6
KL6_June29_2015.cnv,2015-06-29,KL6
kl6_nov02_2009.cnv,2009-11-02,KL6
KL6_Oct28_2013.cnv,2013-10-28,KL6
KL_Oct_2013007.cnv,2013-09-25,KL6
KL6_Sep29_2014.xlsx,2014-09-29,KL6
kl6aug2008.cnv,2008-08-05,KL6
kl6jul2010.cnv,2010-07-07,KL6
kl6jun2009.cnv,2009-06-08,KL6
kl6may2009.cnv,2009-05-04,KL6
KL6nov01.2010.cnv,2010-11-01,KL6
KL6Oct082008.cnv,2008-10-08,KL6
kl6sep022008.cnv,2008-09-02,KL6
KL6sep2009.cnv,2009-08-31,KL6
kl6sep27.2010.cnv,2010-09-27,KL6
KL7_01June2015.cnv,2015-06-01,KL7
KL7_04May2015.cnv,2015-05-04,KL7
KL7_07Apr2015.cnv,2015-04-07,KL7
KL7_26Oct2015.cnv,2015-10-26,KL7
KL7_27Jul2015.cnv,2015-07-27,KL7
KL7_28Aug2015.cnv,2015-08-28,KL7
KL7_28Sep2015.cnv,2015-09-28,KL7
KL7_2Sept_2014.xlsx,2014-09-02,KL7
KL7_Jun4_2014.xlsx,2014-06-04,KL7
KL7_June15_016.cnv,2015-06-15,KL7
KL7_June29_2015.cnv,2015-06-29,KL7
KL7_Oct28_2013.cnv,2013-10-28,KL7
KL_Oct_2013008.cnv,2013-09-25,KL7
KL7_Sep29_2014.xlsx,2014-09-29,KL7
KL8_01June2015.cnv,2015-06-01,KL8
KL8_04May2015.cnv,2015-05-04,KL8
KL8_07Apr2015.cnv,2015-04-07,KL8
KL8_26Oct2015.cnv,2015-10-26,KL8
KL8_27Jul2015001.cnv,2015-07-27,KL8
KL8_28Aug2015.cnv,2015-08-28,KL8
KL8_28Sep2015001.cnv,2015-09-28,KL8
KL8_2Sept_2014.xlsx,2014-09-02,KL8
KL8_Jun4_2014.xlsx,2014-06-04,KL8
KL8_June15_009.cnv,2015-06-15,KL8
KL8_June29_2015.cnv,2015-06-29,KL8
KL8_Oct28_2013.cnv,2013-10-28,KL8
KL_Oct_2013009.cnv,2013-09-25,KL8
KL8_Sep29_2014.xlsx,2014-09-29,KL8
klf_1jun2009.cnv,2009-06-08,KL1
klf_1may2009.cnv,2009-05-04,KL1
KLF_1nov01.2010.cnv,2010-11-01,KL1
KLF_1Oct082008.cnv,2008-10-08,KL1
klf_1sep022008.cnv,2008-09-02,KL1
KLF_1sep2009.cnv,2009-08-31,KL1
klf_1sep27.2010.cnv,2010-09-27,KL1
klf_7_nov02_2009.cnv,2009-11-02,KL7
klf_7aug2008.cnv,2008-08-05,KL7
klf_7jul2010.cnv,2010-07-07,KL7
klf_7jun2009.cnv,2009-06-08,KL7
klf_7may2009.cnv,2009-05-04,KL7
KLF_7nov01.2010.cnv,2010-11-01,KL7
KLF_7Oct082008.cnv,2008-10-08,KL7
klf_7sep022008.cnv,2008-09-02,KL7
KLF_7sep2009.cnv,2009-08-31,KL7
klf_7sep27.2010.cnv,2010-09-27,KL7
klf_8_nov02_2009.cnv,2009-11-02,KL8
klf_8jul2010.cnv,2010-07-07,KL8
klf_8jun2009.cnv,2009-06-08,KL8
klf_8may2009.cnv,2009-05-04,KL8
KLF_8nov01.2010.cnv,2010-11-01,KL8
KLF_8Oct082008.cnv,2008-10-08,KL8
klf_8sep022008.cnv,2008-09-02,KL8
KLF_8sep2009.cnv,2009-08-31,KL8
klf_8sep27.2010.cnv,2010-09-27,KL8
KLF1_28Oct2014.xlsx,2014-10-28,KL1
KLF1_Apr_08_2013.cnv,2013-04-08,KL1
KLF1_Apr_22_2011.cnv,2011-04-22,KL1
KLF1_Apr06_2009.cnv,2009-04-06,KL1
KLF1_Apr07_2014.xlsx,2014-04-07,KL1
KLF1_Apr13_2012.cnv,2012-04-13,KL1
klf1_apr14_2010.cnv,2010-04-14,KL1
KLF1_Aug_02_2011.cnv,2011-08-02,KL1
KLF1_Aug_27_2012.cnv,2012-08-27,KL1
KLF1_Aug_29_2011.cnv,2011-08-29,KL1
KLF1_Aug05_2014.xlsx,2014-08-05,KL1
KLF1_Jul_03_2012.cnv,2012-07-03,KL1
klf1_Jul_30_2012.cnv,2012-07-30,KL1
KLF1_Jul02_2013.cnv,2013-07-02,KL1
KLF1_Jul04_2011.cnv,2011-07-04,KL1
klf1_jul2010.cnv,2010-07-07,KL1
KLF1_Jul29_2013.cnv,2013-07-29,KL1
KLF1_July07_2014.xlsx,2014-07-07,KL1
KLF1_Jun_04_2012.cnv,2012-06-04,KL1
KLF1_Jun_06_2011.cnv,2011-06-06,KL1
KLF1_Jun_18_2012.cnv,2012-06-18,KL1
KLF1_Jun_20_2011.cnv,2011-06-20,KL1
klf1_jun21_2010.cnv,2010-06-21,KL1
KLF1_Jun23_2014.xlsx,2014-06-23,KL1
KLF1_June_03_2013.cnv,2013-06-03,KL1
KLF1_June_18_2013.cnv,2013-06-18,KL1
KLF1_May_06_2013.cnv,2013-05-06,KL1
KLF1_May_07_2012.cnv,2012-05-07,KL1
KLF1_May_09_2011.cnv,2011-05-09,KL1
KLF1_May10_2010.cnv,2010-05-10,KL1
KLF1_May12_2014.xlsx,2014-05-12,KL1
klf1_nov02_2009.cnv,2009-11-02,KL1
KLF1_Oct_02_2012.cnv,2012-10-02,KL1
KLF1_Oct_04_2011.cnv,2011-10-04,KL1
KLF1_Oct_29_2012.cnv,2012-10-29,KL1
KLF1_Oct_31_2011.cnv,2011-10-31,KL1
klf1apr072008.cnv,2008-04-07,KL1
klf1apr102006.xls,2006-04-10,KL1
klf1apr102007.cnv,2007-04-10,KL1
klf1aug012007.cnv,2007-08-01,KL1
klf1aug032009.cnv,2009-08-03,KL1
klf1aug082005.cnv,2005-08-08,KL1
klf1aug082006.xls,2006-08-08,KL1
klf1aug2010.cnv,2010-08-03,KL1
klf1aug312010.cnv,2010-08-31,KL1
klf1feb212006.xls,2006-02-21,KL1
klf1jul032007.cnv,2007-07-03,KL1
klf1jul042005.cnv,2005-07-04,KL1
klf1jul042006.xls,2006-07-04,KL1
klf1jul062009.cnv,2009-07-06,KL1
klf1jun052006.xls,2006-06-05,KL1
klf1jun062005.cnv,2005-06-06,KL1
klf1jun072010.cnv,2010-06-07,KL1
klf1jun092008.cnv,2008-06-09,KL1
klf1mar182006.xls,2006-03-18,KL1
klf1may052008.cnv,2008-05-05,KL1
klf1may072007.cnv,2007-05-07,KL1
klf1Nov03_2008.cnv,2008-11-03,KL1
klf1nov072006.xls,2006-11-07,KL1
klf1nov72005.cnv,2005-11-07,KL1
klf1oct012007.cnv,2007-10-01,KL1
klf1Oct020006.xls,2006-10-02,KL1
klf1oct112005.cnv,2005-10-11,KL1
klf1oct302007.cnv,2007-10-30,KL1
klf1sep042007.cnv,2007-09-04,KL1
klf1Sep052006.xls,2006-09-05,KL1
klf1sep062005.cnv,2005-09-06,KL1
klf1sep282009.cnv,2009-09-28,KL1
KLF2_28Oct2014.xlsx,2014-10-28,KL2
KLF2_Apr_08_2013.cnv,2013-04-08,KL2
KLF2_Apr_22_2011.cnv,2011-04-22,KL2
KLF2_Apr06_2009.cnv,2009-04-06,KL2
KLF2_Apr07_2014.xlsx,2014-04-07,KL2
KLF2_Apr13_2012.cnv,2012-04-13,KL2
klf2_apr14_2010.cnv,2010-04-14,KL2
KLF2_Aug_02_2011.cnv,2011-08-02,KL2
KLF2_Aug_27_2012.cnv,2012-08-27,KL2
KLF2_Aug_29_2011.cnv,2011-08-29,KL2
KLF2_Aug05_2014.xlsx,2014-08-05,KL2
KLF2_Jul_03_2012.cnv,2012-07-03,KL2
klf2_Jul_30_2012.cnv,2012-07-30,KL2
KLF2_Jul02_2013.cnv,2013-07-02,KL2
KLF2_Jul04_2011.cnv,2011-07-04,KL2
KLF2_Jul29_2013.cnv,2013-07-29,KL2
KLF2_July07_2014.xlsx,2014-07-07,KL2
KLF2_Jun_04_2012.cnv,2012-06-04,KL2
KLF2_Jun_06_2011.cnv,2011-06-06,KL2
KLF2_Jun_18_2012.cnv,2012-06-18,KL2
KLF2_Jun_20_2011.cnv,2011-06-20,KL2
klf2_jun21_2010.cnv,2010-06-21,KL2
KLF2_Jun23_2014.xlsx,2014-06-23,KL2
KLF2_June_03_2013.cnv,2013-06-03,KL2
KLF2_June_18_2013.cnv,2013-06-18,KL2
KLF2_May_06_2013.cnv,2013-05-06,KL2
KLF2_May_07_2012.cnv,2012-05-07,KL2
KLF2_May_09_2011.cnv,2011-05-09,KL2
KLF2_May10_2010.cnv,2010-05-10,KL2
KLF2_May12_2014.xlsx,2014-05-12,KL2
KLF2_Oct_02_2012.cnv,2012-10-02,KL2
KLF2_Oct_04_2011.cnv,2011-10-04,KL2
KLF2_Oct_29_2012.cnv,2012-10-29,KL2
KLF2_Oct_31_2011.cnv,2011-10-31,KL2
klf2apr072008.cnv,2008-04-07,KL2
klf2apr102006.xls,2006-04-10,KL2
klf2apr102007.cnv,2007-04-10,KL2
klf2aug012007.cnv,2007-08-01,KL2
klf2aug032009.cnv,2009-08-03,KL2
klf2aug082005.cnv,2005-08-08,KL2
klf2aug082006.xls,2006-08-08,KL2
klf2aug2010.cnv,2010-08-03,KL2
klf2aug312010.cnv,2010-08-31,KL2
klf2feb212006.xls,2006-02-21,KL2
klf2jul032007.cnv,2007-07-03,KL2
klf2jul042005.cnv,2005-07-04,KL2
klf2jul042006.xls,2006-07-04,KL2
klf2jul062009.cnv,2009-07-06,KL2
klf2jun052006.xls,2006-06-05,KL2
klf2jun062005.cnv,2005-06-06,KL2
klf2jun072010.cnv,2010-06-07,KL2
klf2jun092008.cnv,2008-06-09,KL2
klf2jun42007.cnv,2007-06-04,KL2
klf2mar182006.xls,2006-03-18,KL2
klf2may052008.cnv,2008-05-05,KL2
klf2may072007.cnv,2007-05-07,KL2
klf2Nov03_2008.cnv,2008-11-03,KL2
klf2nov072006.xls,2006-11-07,KL2
klf2nov72005.cnv,2005-11-07,KL2
klf2oct012007.cnv,2007-10-01,KL2
klf2Oct022006.xls,2006-10-02,KL2
klf2oct112005.cnv,2005-10-11,KL2
klf2oct302007.cnv,2007-10-30,KL2
klf2sep042007.cnv,2007-09-04,KL2
klf2Sep052006.xls,2006-09-05,KL2
klf2sep062005.cnv,2005-09-06,KL2
KLF3_28Oct2014.xlsx,2014-10-28,KL3
KLF3_Apr_08_2013.cnv,2013-04-08,KL3
KLF3_Apr_22_2011.cnv,2011-04-22,KL3
KLF3_Apr06_2009.cnv,2009-04-06,KL3
KLF3_Apr07_2014.xlsx,2014-04-07,KL3
KLF3_Apr13_2012.cnv,2012-04-13,KL3
klf3_apr14_2010.cnv,2010-04-14,KL3
KLF3_Aug_02_2011.cnv,2011-08-02,KL3
KLF3_Aug_27_2012.cnv,2012-08-27,KL3
KLF3_Aug_29_2011.cnv,2011-08-29,KL3
KLF3_Aug05_2014.xlsx,2014-08-05,KL3
KLF3_Jul_03_2012.cnv,2012-07-03,KL3
klf3_Jul_30_2012.cnv,2012-07-30,KL3
KLF3_Jul02_2013.cnv,2013-07-02,KL3
KLF3_Jul04_2011.cnv,2011-07-04,KL3
KLF3_Jul29_2013.cnv,2013-07-29,KL3
KLF3_July07_2014.xlsx,2014-07-07,KL3
KLF3_Jun_04_2012.cnv,2012-06-04,KL3
KLF3_Jun_06_2011.cnv,2011-06-06,KL3
KLF3_Jun_18_2012.cnv,2012-06-18,KL3
KLF3_Jun_20_2011.cnv,2011-06-20,KL3
klf3_jun21_2010.cnv,2010-06-21,KL3
KLF3_Jun23_2014.xlsx,2014-06-23,KL3
KLF3_June_03_2013.cnv,2013-06-03,KL3
KLF3_June_18_2013.cnv,2013-06-18,KL3
KLF3_May_06_2013.cnv,2013-05-06,KL3
KLF3_May_07_2012.cnv,2012-05-07,KL3
KLF3_May_09_2011.cnv,2011-05-09,KL3
KLF3_May10_2010.cnv,2010-05-10,KL3
KLF3_May12_2014.xlsx,2014-05-12,KL3
KLF3_Oct_02_2012.cnv,2012-10-02,KL3
KLF3_Oct_04_2011.cnv,2011-10-04,KL3
KLF3_Oct_29_2012.cnv,2012-10-29,KL3
KLF3_Oct_31_2011.cnv,2011-10-31,KL3
klf3apr072008.cnv,2008-04-07,KL3
klf3apr102006.xls,2006-04-10,KL3
klf3apr102007.cnv,2007-04-10,KL3
klf3aug012007.cnv,2007-08-01,KL3
klf3aug032009.cnv,2009-08-03,KL3
klf3aug082005.cnv,2005-08-08,KL3
klf3aug082006.xls,2006-08-08,KL3
klf3aug2010.cnv,2010-08-03,KL3
klf3aug312010.cnv,2010-08-31,KL3
klf3feb212006.xls,2006-02-21,KL3
klf3jul032007.cnv,2007-07-03,KL3
klf3jul042005.cnv,2005-07-04,KL3
klf3jul042006.xls,2006-07-04,KL3
klf3jul062009.cnv,2009-07-06,KL3
klf3jul2008try2.cnv,2008-07-11,KL3
klf3jun052006.xls,2006-06-05,KL3
klf3jun062005.cnv,2005-06-06,KL3
klf3jun072010.cnv,2010-06-07,KL3
klf3jun092008.cnv,2008-06-09,KL3
klf3jun42007.cnv,2007-06-04,KL3
klf3mar182006.xls,2006-03-18,KL3
klf3may052008.cnv,2008-05-05,KL3
klf3may072007.cnv,2007-05-07,KL3
klf3Nov03_2008.cnv,2008-11-03,KL3
klf3nov072006.xls,2006-11-07,KL3
klf3nov72005.cnv,2005-11-07,KL3
klf3oct012007.cnv,2007-10-01,KL3
klf3Oct022006.xls,2006-10-02,KL3
klf3oct112005.cnv,2005-10-11,KL3
klf3oct302007.cnv,2007-10-30,KL3
klf3sep042007.cnv,2007-09-04,KL3
klf3Sep052006.xls,2006-09-05,KL3
klf3sep062005.cnv,2005-09-06,KL3
klf3sep282009.cnv,2009-09-28,KL3
KLF4_28Oct2014.xlsx,2014-10-28,KL4
KLF4_Apr_08_2013.cnv,2013-04-08,KL4
KLF4_Apr_22_2011.cnv,2011-04-22,KL4
KLF4_Apr06_2009.cnv,2009-04-06,KL4
KLF4_Apr07_2014.xlsx,2014-04-07,KL4
KLF4_Apr13_2012.cnv,2012-04-13,KL4
klf4_apr14_2010.cnv,2010-04-14,KL4
KLF4_Aug_02_2011.cnv,2011-08-02,KL4
KLF4_Aug_27_2012.cnv,2012-08-27,KL4
KLF4_Aug_29_2011.cnv,2011-08-29,KL4
KLF4_Aug05_2014.xlsx,2014-08-05,KL4
KLF4_Jul_03_2012.cnv,2012-07-03,KL4
klf4_Jul_30_2012.cnv,2012-07-30,KL4
KLF4_Jul02_2013.cnv,2013-07-02,KL4
KLF4_Jul04_2011.cnv,2011-07-04,KL4
KLF4_Jul29_2013.cnv,2013-07-29,KL4
KLF4_July07_2014.xlsx,2014-07-07,KL4
KLF4_Jun_04_2012.cnv,2012-06-04,KL4
KLF4_Jun_06_2011.cnv,2011-06-06,KL4
KLF4_Jun_18_2012.cnv,2012-06-18,KL4
KLF4_Jun_20_2011.cnv,2011-06-20,KL4
klf4_jun21_2010.cnv,2010-06-21,KL4
KLF4_Jun23_2014.xlsx,2014-06-23,KL4
KLF4_June_03_2013.cnv,2013-06-03,KL4
KLF4_June_18_2013.cnv,2013-06-18,KL4
KLF4_May_06_2013.cnv,2013-05-06,KL4
KLF4_May_07_2012.cnv,2012-05-07,KL4
KLF4_May_09_2011.cnv,2011-05-09,KL4
KLF4_May12_2014.xlsx,2014-05-12,KL4
KLF4_Oct_02_2012.cnv,2012-10-02,KL4
KLF4_Oct_04_2011.cnv,2011-10-04,KL4
KLF4_Oct_29_2012.cnv,2012-10-29,KL4
KLF4_Oct_31_2011.cnv,2011-10-31,KL4
klf4apr072008.cnv,2008-04-07,KL4
klf4apr102006.xls,2006-04-10,KL4
klf4apr102007.cnv,2007-04-10,KL4
klf4aug012007.cnv,2007-08-01,KL4
klf4aug032009.cnv,2009-08-03,KL4
klf4aug082005.cnv,2005-08-08,KL4
klf4aug082006.xls,2006-08-08,KL4
klf4aug2010.cnv,2010-08-03,KL4
klf4aug312010.cnv,2010-08-31,KL4
klf4feb212006.xls,2006-02-21,KL4
klf4jul032007.cnv,2007-07-03,KL4
klf4jul042005.cnv,2005-07-04,KL4
klf4jul042006.xls,2006-07-04,KL4
klf4jul062009.cnv,2009-07-06,KL4
klf4jul2008try2.cnv,2008-07-11,KL4
klf4jun052006.xls,2006-06-05,KL4
klf4jun062005.cnv,2005-06-06,KL4
klf4jun072010.cnv,2010-06-07,KL4
klf4jun092008.cnv,2008-06-09,KL4
klf4jun42007.cnv,2007-06-04,KL4
klf4mar182006.xls,2006-03-18,KL4
klf4may052008.cnv,2008-05-05,KL4
klf4may072007.cnv,2007-05-07,KL4
klf4Nov03_2008.cnv,2008-11-03,KL4
klf4nov072006.xls,2006-11-07,KL4
klf4nov72005.cnv,2005-11-07,KL4
klf4oct012007.cnv,2007-10-01,KL4
klf4Oct022006.xls,2006-10-02,KL4
klf4oct112005.cnv,2005-10-11,KL4
klf4oct302007.cnv,2007-10-30,KL4
klf4sep042007.cnv,2007-09-04,KL4
klf4Sep052006.xls,2006-09-05,KL4
klf4sep062005.cnv,2005-09-06,KL4
klf4sep282009.cnv,2009-09-28,KL4
KLF5_28Oct2014.xlsx,2014-10-28,KL5
KLF5_Apr_08_2013.cnv,2013-04-08,KL5
KLF5_Apr_20_2011.cnv,2011-04-20,KL5
KLF5_Apr06_2009.cnv,2009-04-06,KL5
KLF5_Apr07_2014.xlsx,2014-04-07,KL5
klf5_apr14_2010.cnv,2010-04-14,KL5
KLF5_Apr15_2012.cnv,2012-04-15,KL5
KLF5_Aug_02_2011.cnv,2011-08-02,KL5
KLF5_Aug_28_2012.cnv,2012-08-28,KL5
KLF5_Aug_29_2011.cnv,2011-08-29,KL5
KLF5_Aug05_2014.xlsx,2014-08-05,KL5
KLF5_Jul_02_2012.cnv,2012-07-02,KL5
klf5_Jul_31_2012.cnv,2012-07-31,KL5
KLF5_Jul02_2013.cnv,2013-07-02,KL5
KLF5_Jul04_2011.cnv,2011-07-04,KL5
KLF5_Jul30_2013.cnv,2013-07-30,KL5
KLF5_July07_2014.xlsx,2014-07-07,KL5
KLF5_Jun_03_2012.cnv,2012-06-03,KL5
KLF5_Jun_06_2011.cnv,2011-06-06,KL5
KLF5_Jun_19_2012.cnv,2012-06-19,KL5
KLF5_Jun_20_2011.cnv,2011-06-20,KL5
KLF5_Jun23_2014.xlsx,2014-06-23,KL5
KLF5_June_03_2013.cnv,2013-06-03,KL5
KLF5_June_18_2013.cnv,2013-06-18,KL5
KLF5_May_06_2013.cnv,2013-05-06,KL5
KLF5_May_07_2012.cnv,2012-05-07,KL5
KLF5_May_09_2011.cnv,2011-05-09,KL5
KLF5_May12_2014.xlsx,2014-05-12,KL5
KLF5_Oct_02_2012.cnv,2012-10-02,KL5
KLF5_Oct_05_2011.cnv,2011-10-05,KL5
KLF5_Oct_29_2012.cnv,2012-10-29,KL5
KLF5_Oct_31_2011.cnv,2011-10-31,KL5
klf5apr072008.cnv,2008-04-07,KL5
klf5apr102006.xls,2006-04-10,KL5
klf5apr102007.cnv,2007-04-10,KL5
klf5aug012007.cnv,2007-08-01,KL5
klf5aug032009.cnv,2009-08-03,KL5
klf5aug082006.xls,2006-08-08,KL5
klf5aug092005.cnv,2005-08-09,KL5
klf5aug2010.cnv,2010-08-02,KL5
klf5aug302010.cnv,2010-08-30,KL5
klf5feb222006.xls,2006-02-22,KL5
klf5jul032007.cnv,2007-07-03,KL5
klf5jul042006.xls,2006-07-04,KL5
klf5jul052005.cnv,2005-07-05,KL5
klf5jul062009.cnv,2009-07-06,KL5
klf5jul2008try2.cnv,2008-07-11,KL5
klf5jun052006.xls,2006-06-05,KL5
klf5jun072005.cnv,2005-06-07,KL5
klf5jun072010.cnv,2010-06-07,KL5
klf5jun092008.cnv,2008-06-09,KL5
klf5jun42007.cnv,2007-06-04,KL5
klf5mar192006.xls,2006-03-19,KL5
klf5may052008.cnv,2008-05-05,KL5
klf5may072007.cnv,2007-05-07,KL5
klf5nov072006.xls,2006-11-07,KL5
klf5nov72005.cnv,2005-11-07,KL5
klf5oct012007.cnv,2007-10-01,KL5
klf5Oct022006.xls,2006-10-02,KL5
klf5oct112005.cnv,2005-10-11,KL5
klf5oct302007.cnv,2007-10-30,KL5
klf5sep042007.cnv,2007-09-04,KL5
klf5Sep052006.xls,2006-09-05,KL5
klf5sep072005.cnv,2005-09-07,KL5
klf5sep282009.cnv,2009-09-28,KL5
KLF6_28Oct2014.xlsx,2014-10-28,KL6
KLF6_Apr_08_2013.cnv,2013-04-08,KL6
KLF6_Apr_20_2011.cnv,2011-04-20,KL6
KLF6_Apr06_2009.cnv,2009-04-06,KL6
KLF6_Apr07_2014.xlsx,2014-04-07,KL6
klf6_apr14_2010.cnv,2010-04-14,KL6
KLF6_Apr15_2012.cnv,2012-04-15,KL6
KLF6_Aug_02_2011.cnv,2011-08-02,KL6
KLF6_Aug_28_2012.cnv,2012-08-28,KL6
KLF6_Aug05_2014.xlsx,2014-08-05,KL6
KLF6_Aug29_2011.cnv,2011-08-29,KL6
KLF6_Jul_02_2012.cnv,2012-07-02,KL6
klf6_Jul_31_2012.cnv,2012-07-31,KL6
KLF6_Jul02_2013.cnv,2013-07-02,KL6
KLF6_Jul04_2011.cnv,2011-07-04,KL6
KLF6_Jul30_2013.cnv,2013-07-30,KL6
KLF6_July07_2014.xlsx,2014-07-07,KL6
KLF6_Jun_03_2012.cnv,2012-06-03,KL6
KLF6_Jun_06_2011.cnv,2011-06-06,KL6
KLF6_Jun_19_2012.cnv,2012-06-19,KL6
KLF6_Jun_20_2011.cnv,2011-06-20,KL6
klf6_jun21_2010.cnv,2010-06-21,KL6
KLF6_Jun23_2014.xlsx,2014-06-23,KL6
KLF6_June_03_2013.cnv,2013-06-03,KL6
KLF6_June_18_2013.cnv,2013-06-18,KL6
KLF6_May_06_2013.cnv,2013-05-06,KL6
KLF6_May_07_2012.cnv,2012-05-07,KL6
KLF6_May_09_2011.cnv,2011-05-09,KL6
KLF6_May10_2010.cnv,2010-05-10,KL6
KLF6_May12_2014.xlsx,2014-05-12,KL6
KLF6_Oct_02_2012.cnv,2012-10-02,KL6
KLF6_Oct_05_2011.cnv,2011-10-05,KL6
KLF6_Oct_29_2012.cnv,2012-10-29,KL6
KLF6_Oct_31_2011.cnv,2011-10-31,KL6
klf6apr072008.cnv,2008-04-07,KL6
klf6apr102006.xls,2006-04-10,KL6
klf6apr102007.cnv,2007-04-10,KL6
klf6aug012007.cnv,2007-08-01,KL6
klf6aug032009.cnv,2009-08-03,KL6
klf6aug082006.xls,2006-08-08,KL6
klf6aug2010.cnv,2010-08-02,KL6
klf6aug302010.cnv,2010-08-30,KL6
klf6feb222006.xls,2006-02-22,KL6
klf6jul032007.cnv,2007-07-03,KL6
klf6jul042006.xls,2006-07-04,KL6
klf6jul052005.cnv,2005-07-05,KL6
klf6jul062009.cnv,2009-07-06,KL6
klf6jul2008try2.cnv,2008-07-11,KL6
klf6jun052006.xls,2006-06-05,KL6
klf6jun072005.cnv,2005-06-07,KL6
klf6jun092008.cnv,2008-06-09,KL6
klf6jun42007.cnv,2007-06-04,KL6
klf6mar192006.xls,2006-03-19,KL6
klf6may052008.cnv,2008-05-05,KL6
klf6may072007.cnv,2007-05-07,KL6
klf6Nov03_2008.cnv,2008-11-03,KL6
klf6nov072006.xls,2006-11-07,KL6
klf6nov72005.cnv,2005-11-07,KL6
klf6oct012007.cnv,2007-10-01,KL6
klf6Oct022006.xls,2006-10-02,KL6
klf6oct112005.cnv,2005-10-11,KL6
klf6oct302007.cnv,2007-10-30,KL6
klf6sep042007.cnv,2007-09-04,KL6
klf6Sep052006.xls,2006-09-05,KL6
klf6sep072005.cnv,2005-09-07,KL6
klf6sep282009.cnv,2009-09-28,KL6
klf6un072010.cnv,2010-06-07,KL6
KLF7_28Oct2014.xlsx,2014-10-28,KL7
KLF7_Apr_08_2013.cnv,2013-04-08,KL7
KLF7_Apr_20_2011.cnv,2011-04-20,KL7
KLF7_Apr06_2009.cnv,2009-04-06,KL7
KLF7_Apr07_2014.xlsx,2014-04-07,KL7
klf7_apr14_2010.cnv,2010-04-14,KL7
KLF7_Apr15_2012.cnv,2012-04-15,KL7
KLF7_Aug_02_2011.cnv,2011-08-02,KL7
KLF7_Aug_28_2012.cnv,2012-08-28,KL7
KLF7_Aug05_2014.xlsx,2014-08-05,KL7
KLF7_Aug29_2011.cnv,2011-08-29,KL7
klf7_Jul_31_2012.cnv,2012-07-31,KL7
KLF7_Jul02_2012.cnv,2012-07-02,KL7
KLF7_Jul02_2013.cnv,2013-07-02,KL7
KLF7_Jul04_2011.cnv,2011-07-04,KL7
KLF7_Jul30_2013.cnv,2013-07-30,KL7
KLF7_July07_2014.xlsx,2014-07-07,KL7
KLF7_Jun_03_2012.cnv,2012-06-03,KL7
KLF7_Jun_06_2011.cnv,2011-06-06,KL7
KLF7_Jun_19_2012.cnv,2012-06-19,KL7
KLF7_Jun_20_2011.cnv,2011-06-20,KL7
klf7_jun21_2010.cnv,2010-06-21,KL7
KLF7_Jun23_2014.xlsx,2014-06-23,KL7
KLF7_June_03_2013.cnv,2013-06-03,KL7
KLF7_June_18_2013.cnv,2013-06-18,KL7
KLF7_May_06_2013.cnv,2013-05-06,KL7
KLF7_May_07_2012.cnv,2012-05-07,KL7
KLF7_May_09_2011.cnv,2011-05-09,KL7
KLF7_May10_2010.cnv,2010-05-10,KL7
KLF7_May12_2014.xlsx,2014-05-12,KL7
KLF7_Oct_05_2011.cnv,2011-10-05,KL7
KLF7_Oct_29_2012.cnv,2012-10-29,KL7
KLF7_Oct_31_2011.cnv,2011-10-31,KL7
klf7apr072008.cnv,2008-04-07,KL7
klf7apr102006.xls,2006-04-10,KL7
klf7apr102007.cnv,2007-04-10,KL7
klf7aug012007.cnv,2007-08-01,KL7
klf7aug032009.cnv,2009-08-03,KL7
klf7aug082006.xls,2006-08-08,KL7
klf7aug092005.cnv,2005-08-09,KL7
klf7aug2010.cnv,2010-08-02,KL7
klf7aug302010.cnv,2010-08-30,KL7
klf7feb222006.xls,2006-02-22,KL7
klf7jul032007.cnv,2007-07-03,KL7
klf7jul042006.xls,2006-07-04,KL7
klf7jul052005.cnv,2005-07-05,KL7
klf7jul062009.cnv,2009-07-06,KL7
klf7jul2008try2.cnv,2008-07-11,KL7
klf7jun052006.xls,2006-06-05,KL7
klf7jun072005.cnv,2005-06-07,KL7
klf7jun072010.cnv,2010-06-07,KL7
klf7jun092008.cnv,2008-06-09,KL7
klf7jun42007.cnv,2007-06-04,KL7
klf7mar192006.xls,2006-03-19,KL7
klf7may052008.cnv,2008-05-05,KL7
klf7may072007.cnv,2007-05-07,KL7
klf7nov072006.xls,2006-11-07,KL7
klf7nov72005.cnv,2005-11-07,KL7
klf7oct012007.cnv,2007-10-01,KL7
klf7Oct022006.xls,2006-10-02,KL7
klf7oct112005.cnv,2005-10-11,KL7
klf7oct302007.cnv,2007-10-30,KL7
klf7sep042007.cnv,2007-09-04,KL7
klf7Sep052006.xls,2006-09-05,KL7
klf7sep072005.cnv,2005-09-07,KL7
klf7sep282009.cnv,2009-09-28,KL7
KLF8_28Oct2014.xlsx,2014-10-28,KL8
KLF8_Apr_08_2013.cnv,2013-04-08,KL8
KLF8_Apr_21_2011.cnv,2011-04-21,KL8
KLF8_Apr06_2009.cnv,2009-04-06,KL8
KLF8_Apr07_2014.xlsx,2014-04-07,KL8
KLF8_Apr13_2012.cnv,2012-04-13,KL8
klf8_apr14_2010.cnv,2010-04-14,KL8
KLF8_Aug_02_2011.cnv,2011-08-02,KL8
KLF8_Aug_27_2012.cnv,2012-08-27,KL8
KLF8_Aug_29_2011.cnv,2011-08-29,KL8
KLF8_Aug05_2014.xlsx,2014-08-05,KL8
KLF8_Jul_03_2012.cnv,2012-07-03,KL8
klf8_Jul_30_2012.cnv,2012-07-30,KL8
KLF8_Jul02_2013.cnv,2013-07-02,KL8
KLF8_Jul04_2011.cnv,2011-07-04,KL8
KLF8_Jul29_2013.cnv,2013-07-29,KL8
KLF8_July07_2014.xlsx,2014-07-07,KL8
KLF8_Jun_04_2012.cnv,2012-06-04,KL8
KLF8_Jun_06_2011.cnv,2011-06-06,KL8
KLF8_Jun_18_2012.cnv,2012-06-18,KL8
KLF8_Jun_20_2011.cnv,2011-06-20,KL8
klf8_Jun21_2010.cnv,2010-06-21,KL8
KLF8_Jun23_2014.xlsx,2014-06-23,KL8
KLF8_June_03_2013.cnv,2013-06-03,KL8
KLF8_June_18_2013.cnv,2013-06-18,KL8
KLF8_May_06_2013.cnv,2013-05-06,KL8
KLF8_May_07_2012.cnv,2012-05-07,KL8
KLF8_May_09_2011.cnv,2011-05-09,KL8
KLF8_May10_2010.cnv,2010-05-10,KL8
KLF8_May12_2014.xlsx,2014-05-12,KL8
KLF8_Oct_02_2012.cnv,2012-10-02,KL8
KLF8_Oct_04_2011.cnv,2011-10-04,KL8
KLF8_Oct_29_2012.cnv,2012-10-29,KL8
KLF8_Oct_31_2011.cnv,2011-10-31,KL8
klf8apr072008.cnv,2008-04-07,KL8
klf8apr102006.xls,2006-04-10,KL8
klf8apr102007.cnv,2007-04-10,KL8
klf8aug012007.cnv,2007-08-01,KL8
klf8aug032009.cnv,2009-08-03,KL8
klf8aug082005.cnv,2005-08-08,KL8
klf8aug082006.xls,2006-08-08,KL8
klf8aug102006.xls,2006-08-10,KL8
klf8aug2010.cnv,2010-08-02,KL8
klf8aug302010.cnv,2010-08-30,KL8
klf8feb222006.xls,2006-02-22,KL8
klf8jul032007.cnv,2007-07-03,KL8
klf8jul042005.cnv,2005-07-04,KL8
klf8jul042006.xls,2006-07-04,KL8
klf8jul062009.cnv,2009-07-06,KL8
klf8jun052006.xls,2006-06-05,KL8
klf8jun062005.cnv,2005-06-06,KL8
klf8jun072010.cnv,2010-06-07,KL8
klf8jun092008.cnv,2008-06-09,KL8
klf8jun42007.cnv,2007-06-04,KL8
klf8mar182006.xls,2006-03-18,KL8
klf8may052008.cnv,2008-05-05,KL8
klf8may072007.cnv,2007-05-07,KL8
Klf8Nov03_2008.cnv,2008-11-03,KL8
klf8nov072006.xls,2006-11-07,KL8
klf8nov72005.cnv,2005-11-07,KL8
klf8oct012007.cnv,2007-10-01,KL8
klf8Oct022006.xls,2006-10-02,KL8
klf8oct112005.cnv,2005-10-11,KL8
klf8oct302007.cnv,2007-10-30,KL8
klf8sep042007.cnv,2007-09-04,KL8
klf8Sep052006.xls,2006-09-05,KL8
klf8sep062005.cnv,2005-09-06,KL8
klf8sep282009.cnv,2009-09-28,KL8
KLF4_may_07_2012.cnv,2012-05-07,KL4