File,Date,SiteID
hl411y97.hyd,1997-05-11T00:00:00Z,HL4
hl412u97.hyd,1997-06-12T00:00:00Z,HL4
hl411l97.hyd,1997-07-11T00:00:00Z,HL4
hl415g97.hyd,1997-08-15T00:00:00Z,HL4
hl408s97.hyd,1997-09-08T00:00:00Z,HL4
hl424o97.hyd,1997-10-24T00:00:00Z,HL4
hl414n97.hyd,1997-11-14T00:00:00Z,HL4
hl430a98.hyd,1998-04-30T00:00:00Z,HL4
hl426u98.hyd,1998-06-26T00:00:00Z,HL4
hl430l98.hyd,1998-07-30T00:00:00Z,HL4
hl403o98.hyd,1998-10-03T00:00:00Z,HL4
hl420o98.hyd,1998-10-20T00:00:00Z,HL4
hl419n98.hyd,1998-11-19T00:00:00Z,HL4
hl404j99.hyd,1999-01-04T00:00:00Z,HL4
hl419m99.hyd,1999-03-19T00:00:00Z,HL4
hl414y99.hyd,1999-05-14T00:00:00Z,HL4
hl411u99.hyd,1999-06-11T00:00:00Z,HL4
hl412l99.hyd,1999-07-12T00:00:00Z,HL4
hl416s99.hyd,1999-09-16T00:00:00Z,HL4
hl404o99.hyd,1999-10-04T00:00:00Z,HL4
hl426n99.hyd,1999-11-26T00:00:00Z,HL4
hl311y97.hyd,1997-05-11T00:00:00Z,HL3
hl312u97.hyd,1997-06-12T00:00:00Z,HL3
hl310l97.hyd,1997-07-10T00:00:00Z,HL3
hl314g97.hyd,1997-08-14T00:00:00Z,HL3
hl308s97.hyd,1997-09-08T00:00:00Z,HL3
hl323o97.hyd,1997-10-23T00:00:00Z,HL3
hl314n97.hyd,1997-11-14T00:00:00Z,HL3
hl329j98.hyd,1998-01-29T00:00:00Z,HL3
hl323m98.hyd,1998-03-23T00:00:00Z,HL3
hl330a98.hyd,1998-04-30T00:00:00Z,HL3
hl329y98.hyd,1998-05-29T00:00:00Z,HL3
hl325u98.hyd,1998-06-25T00:00:00Z,HL3
hl329l98.hyd,1998-07-29T00:00:00Z,HL3
hl326g98.hyd,1998-08-26T00:00:00Z,HL3
hl302o98.hyd,1998-10-02T00:00:00Z,HL3
hl320o98.hyd,1998-10-20T00:00:00Z,HL3
hl319n98.hyd,1998-11-19T00:00:00Z,HL3
hl303j99.hyd,1999-01-03T00:00:00Z,HL3
hl319m99.hyd,1999-03-19T00:00:00Z,HL3
hl314a99.hyd,1999-04-14T00:00:00Z,HL3
hl313y99.hyd,1999-05-13T00:00:00Z,HL3
hl310u99.hyd,1999-06-10T00:00:00Z,HL3
hl312l99.hyd,1999-07-12T00:00:00Z,HL3
hl316s99.hyd,1999-09-16T00:00:00Z,HL3
hl304o99.hyd,1999-10-04T00:00:00Z,HL3
hl326n99.hyd,1999-11-26T00:00:00Z,HL3
hl208y97.hyd,1997-05-08T00:00:00Z,HL2
hl209u97.hyd,1997-06-09T00:00:00Z,HL2
hl207l97.hyd,1997-07-07T00:00:00Z,HL2
hl211g97.hyd,1997-08-11T00:00:00Z,HL2
hl210s97.hyd,1997-09-10T00:00:00Z,HL2
hl221o97.hyd,1997-10-21T00:00:00Z,HL2
hl210n97.hyd,1997-11-10T00:00:00Z,HL2
hl227j98.hyd,1998-01-27T00:00:00Z,HL2
hl227a98.hyd,1998-04-27T00:00:00Z,HL2
hl225y98.hyd,1998-05-25T00:00:00Z,HL2
hl221u98.hyd,1998-06-21T00:00:00Z,HL2
hl226l98.hyd,1998-07-26T00:00:00Z,HL2
hl223g98.hyd,1998-08-23T00:00:00Z,HL2
hl228s98.hyd,1998-09-28T00:00:00Z,HL2
hl222o98.hyd,1998-10-22T00:00:00Z,HL2
hl216n98.hyd,1998-11-16T00:00:00Z,HL2
hl202j99.hyd,1999-01-02T00:00:00Z,HL2
hl210y99.hyd,1999-05-10T00:00:00Z,HL2
hl206u99.hyd,1999-06-06T00:00:00Z,HL2
hl214l99.hyd,1999-07-14T00:00:00Z,HL2
hl208g99.hyd,1999-08-08T00:00:00Z,HL2
hl213s99.hyd,1999-09-13T00:00:00Z,HL2
hl207o99.hyd,1999-10-07T00:00:00Z,HL2
hl229n99.hyd,1999-11-29T00:00:00Z,HL2
hl108y97.hyd,1997-05-08T00:00:00Z,HL1
hl109u97.hyd,1997-06-09T00:00:00Z,HL1
hl107l97.hyd,1997-07-07T00:00:00Z,HL1
hl111g97.hyd,1997-08-11T00:00:00Z,HL1
hl110s97.hyd,1997-09-10T00:00:00Z,HL1
hl121o97.hyd,1997-10-21T00:00:00Z,HL1
hl110n97.hyd,1997-11-10T00:00:00Z,HL1
hl127j98.hyd,1998-01-27T00:00:00Z,HL1
hl127a98.hyd,1998-04-27T00:00:00Z,HL1
hl125y98.hyd,1998-05-25T00:00:00Z,HL1
hl121u98.hyd,1998-06-21T00:00:00Z,HL1
hl126l98.hyd,1998-07-26T00:00:00Z,HL1
hl123g98.hyd,1998-08-23T00:00:00Z,HL1
hl128s98.hyd,1998-09-28T00:00:00Z,HL1
hl122o98.hyd,1998-10-22T00:00:00Z,HL1
hl116n98.hyd,1998-11-16T00:00:00Z,HL1
hl102j99.hyd,1999-01-02T00:00:00Z,HL1
hl115m99.hyd,1999-03-15T00:00:00Z,HL1
hl110y99.hyd,1999-05-10T00:00:00Z,HL1
hl106u99.hyd,1999-06-06T00:00:00Z,HL1
hl114l99.hyd,1999-07-14T00:00:00Z,HL1
hl108g99.hyd,1999-08-08T00:00:00Z,HL1
hl113s99.hyd,1999-09-13T00:00:00Z,HL1
hl107o99.hyd,1999-10-07T00:00:00Z,HL1
hl129n99.hyd,1999-11-29T00:00:00Z,HL1
ar811y97.hyd,1997-05-11T00:00:00Z,AR8
ar812u97.hyd,1997-06-12T00:00:00Z,AR8
ar810l97.hyd,1997-07-10T00:00:00Z,AR8
ar814g97.hyd,1997-08-14T00:00:00Z,AR8
ar808s97.hyd,1997-09-08T00:00:00Z,AR8
ar823o97.hyd,1997-10-23T00:00:00Z,AR8
ar814n97.hyd,1997-11-14T00:00:00Z,AR8
ar830j98.hyd,1998-01-30T00:00:00Z,AR8
ar823m98.hyd,1998-03-23T00:00:00Z,AR8
ar830a98.hyd,1998-04-30T00:00:00Z,AR8
ar827y98.hyd,1998-05-27T00:00:00Z,AR8
ar825u98.hyd,1998-06-25T00:00:00Z,AR8
ar829l98.hyd,1998-07-29T00:00:00Z,AR8
ar826g98.hyd,1998-08-26T00:00:00Z,AR8
ar802o98.hyd,1998-10-02T00:00:00Z,AR8
ar820o98.hyd,1998-10-20T00:00:00Z,AR8
ar819n98.hyd,1998-11-19T00:00:00Z,AR8
ar804j99.hyd,1999-01-04T00:00:00Z,AR8
ar818m99.hyd,1999-03-18T00:00:00Z,AR8
ar814a99.hyd,1999-04-14T00:00:00Z,AR8
ar813y99.hyd,1999-05-13T00:00:00Z,AR8
ar811u99.hyd,1999-06-11T00:00:00Z,AR8
ar822l99.hyd,1999-07-22T00:00:00Z,AR8
ar816s99.hyd,1999-09-16T00:00:00Z,AR8
ar804o99.hyd,1999-10-04T00:00:00Z,AR8
ar814o99.hyd,1999-10-14T00:00:00Z,AR8
ar826n99.hyd,1999-11-26T00:00:00Z,AR8
ar8jun132005.cnv,2005-06-13T00:00:00Z,AR8
ar8jul182005.cnv,2005-07-18T00:00:00Z,AR8
ar8aug152005.cnv,2005-08-15T00:00:00Z,AR8
ar8sep212005.cnv,2005-09-21T00:00:00Z,AR8
ar8oct172005.cnv,2005-10-17T00:00:00Z,AR8
ar8nov2005.cnv,2005-11-13T00:00:00Z,AR8
ar8apr162007.cnv,2007-04-16T00:00:00Z,AR8
ar8may142007.cnv,2007-05-14T00:00:00Z,AR8
ar8jul092007.cnv,2007-07-09T00:00:00Z,AR8
ar8aug062007.cnv,2007-08-06T00:00:00Z,AR8
ar8sep092007.cnv,2007-09-09T00:00:00Z,AR8
ar8oct102007.cnv,2007-10-10T00:00:00Z,AR8
ar8nov052007.cnv,2007-11-05T00:00:00Z,AR8
ar8apr162008.cnv,2008-04-16T00:00:00Z,AR8
ar8may122008.cnv,2008-05-12T00:00:00Z,AR8
ar8jun162008.cnv,2008-06-16T00:00:00Z,AR8
ar8jul142008.cnv,2008-07-14T00:00:00Z,AR8
ar8aug112008.cnv,2008-08-11T00:00:00Z,AR8
ar8sep2008.cnv,2008-09-08T00:00:00Z,AR8
AR8Oct062008.cnv,2008-10-06T00:00:00Z,AR8
ar8Nov12_2008.cnv,2008-11-12T00:00:00Z,AR8
ar8may112009.cnv,2009-05-11T00:00:00Z,AR8
ar8jun162009.cnv,2009-06-16T00:00:00Z,AR8
ar8july2009.cnv,2009-07-14T00:00:00Z,AR8
ar8aug2009.cnv,2009-08-11T00:00:00Z,AR8
ar8sep2009.cnv,2009-09-07T00:00:00Z,AR8
ar8oct052009.cnv,2009-10-05T00:00:00Z,AR8
ar8_nov03_2009.cnv,2009-11-03T00:00:00Z,AR8
ar8apr192010.cnv,2010-04-19T00:00:00Z,AR8
AR8may2010002.cnv,2010-05-17T00:00:00Z,AR8
alr8jun2010.cnv,2010-06-14T00:00:00Z,AR8
ar8july2010.cnv,2010-07-14T00:00:00Z,AR8
ar8Aug2010.cnv,2010-08-09T00:00:00Z,AR8
alr8sep08.2010.cnv,2010-09-08T00:00:00Z,AR8
AR8_Oct04_2010.cnv,2010-10-04T00:00:00Z,AR8
ar8nov08.2010.cnv,2010-11-08T00:00:00Z,AR8
AR8_Apr_26_2011.cnv,2011-04-26T00:00:00Z,AR8
AR8_May_18_2011.cnv,2011-05-18T00:00:00Z,AR8
AR8_Jun14_2011.cnv,2011-06-14T00:00:00Z,AR8
AR8_Jul13_2011.cnv,2011-07-13T00:00:00Z,AR8
AR8_Aug_10_2011.cnv,2011-08-10T00:00:00Z,AR8
AR8_Sep_07_2011.cnv,2011-09-07T00:00:00Z,AR8
AR8_Oct_11_2011.cnv,2011-10-11T00:00:00Z,AR8
AR8_Nov_07_2011.cnv,2011-11-07T00:00:00Z,AR8
AR8_Apr18_2012.cnv,2012-04-18T00:00:00Z,AR8
AR8_May_16_2012.cnv,2012-05-16T00:00:00Z,AR8
AR8_Jun_11_2012.cnv,2012-06-11T00:00:00Z,AR8
AR8_Jun_26_2012.cnv,2012-06-26T00:00:00Z,AR8
AR8_Jul_11_2012.cnv,2012-07-11T00:00:00Z,AR8
AR8_Aug_08_2012.cnv,2012-08-08T00:00:00Z,AR8
AR8_Sep_03_2012.cnv,2012-09-03T00:00:00Z,AR8
AR8_Oct_08_2012.cnv,2012-10-08T00:00:00Z,AR8
AR8_Oct_31_2012.cnv,2012-11-01T00:00:00Z,AR8
AR8_Apr17_2013.cnv,2013-04-17T00:00:00Z,AR8
AR8_May15_2013.cnv,2013-05-15T00:00:00Z,AR8
AR8_June_10_2013.cnv,2013-06-10T00:00:00Z,AR8
AR8_June_23_2013.cnv,2013-06-23T00:00:00Z,AR8
ALR_Jul_2013008.cnv,2013-07-08T00:00:00Z,AR8
ARL_Aug_2013008.cnv,2013-08-07T00:00:00Z,AR8
AR_Oct_2013008.cnv,2013-10-07T00:00:00Z,AR8
ALR_Nov_2013008.cnv,2013-11-04T00:00:00Z,AR8
AR8_May21_2014.cnv,2014-05-21T00:00:00Z,AR8
AR8_June18_2014.cnv,2014-06-18T00:00:00Z,AR8
AR8_July03_2014_009.cnv,2014-07-03T00:00:00Z,AR8
AR_July1416_2014008.cnv,2014-07-14T00:00:00Z,AR8
AR_2014_Aug11and13008.cnv,2014-08-13T00:00:00Z,AR8
AR_Sep008.cnv,2014-09-08T00:00:00Z,AR8
AR_Oct0608_2014_AR8.cnv,2014-10-06T00:00:00Z,AR8
AR_2014_Nov0305_AR8.cnv,2014-11-03T00:00:00Z,AR8
AR8_15Apr2015016.cnv,2015-04-15T00:00:00Z,AR8
AR8_12May2015016.cnv,2015-05-12T00:00:00Z,AR8
AR8_June10_006.cnv,2015-06-10T00:00:00Z,AR8
AR8_22-23June2015003.cnv,2015-06-22T00:00:00Z,AR8
AR8_July8_2015008.cnv,2015-07-08T00:00:00Z,AR8
AR8_03Aug2015002.cnv,2015-08-03T00:00:00Z,AR8
AR8_02Sept2015008.cnv,2015-09-02T00:00:00Z,AR8
AR8_05Oct2015002.cnv,2015-10-05T00:00:00Z,AR8
AR8_03Nov2015009.cnv,2015-11-03T00:00:00Z,AR8
ar711y97.hyd,1997-05-11T00:00:00Z,AR7
ar712u97.hyd,1997-06-12T00:00:00Z,AR7
ar710l97.hyd,1997-07-10T00:00:00Z,AR7
ar714g97.hyd,1997-08-14T00:00:00Z,AR7
ar708s97.hyd,1997-09-08T00:00:00Z,AR7
ar723o97.hyd,1997-10-23T00:00:00Z,AR7
ar714n97.hyd,1997-11-14T00:00:00Z,AR7
ar730j98.hyd,1998-01-30T00:00:00Z,AR7
ar723m98.hyd,1998-03-23T00:00:00Z,AR7
ar730a98.hyd,1998-04-30T00:00:00Z,AR7
ar727y98.hyd,1998-05-27T00:00:00Z,AR7
ar725u98.hyd,1998-06-25T00:00:00Z,AR7
ar729l98.hyd,1998-07-29T00:00:00Z,AR7
ar726g98.hyd,1998-08-26T00:00:00Z,AR7
ar702o98.hyd,1998-10-02T00:00:00Z,AR7
ar720o98.hyd,1998-10-20T00:00:00Z,AR7
ar719n98.hyd,1998-11-19T00:00:00Z,AR7
ar704j99.hyd,1999-01-04T00:00:00Z,AR7
ar718m99.hyd,1999-03-18T00:00:00Z,AR7
ar714a99.hyd,1999-04-14T00:00:00Z,AR7
ar713y99.hyd,1999-05-13T00:00:00Z,AR7
ar710u99.hyd,1999-06-10T00:00:00Z,AR7
ar722l99.hyd,1999-07-22T00:00:00Z,AR7
ar716s99.hyd,1999-09-16T00:00:00Z,AR7
ar704o99.hyd,1999-10-04T00:00:00Z,AR7
ar714o99.hyd,1999-10-14T00:00:00Z,AR7
ar726n99.hyd,1999-11-26T00:00:00Z,AR7
ar7jun132005.cnv,2005-06-13T00:00:00Z,AR7
ar7jul182005.cnv,2005-07-18T00:00:00Z,AR7
ar7aug152005.cnv,2005-08-15T00:00:00Z,AR7
ar7sep212005.cnv,2005-09-21T00:00:00Z,AR7
ar7oct172005.cnv,2005-10-17T00:00:00Z,AR7
ar7nov132005.cnv,2005-11-13T00:00:00Z,AR7
ar7apr162007.cnv,2007-04-16T00:00:00Z,AR7
ar7may142007.cnv,2007-05-14T00:00:00Z,AR7
ar7jun112007.cnv,2007-06-11T00:00:00Z,AR7
ar7jul092007.cnv,2007-07-09T00:00:00Z,AR7
ar7aug062007.cnv,2007-08-06T00:00:00Z,AR7
ar7sep092007.cnv,2007-09-09T00:00:00Z,AR7
ar7oct102007.cnv,2007-10-10T00:00:00Z,AR7
ar7nov052007.cnv,2007-11-05T00:00:00Z,AR7
ar7apr162008.cnv,2008-04-16T00:00:00Z,AR7
ar7may122008.cnv,2008-05-12T00:00:00Z,AR7
ar7jun162008.cnv,2008-06-16T00:00:00Z,AR7
ar7jul142008.cnv,2008-07-14T00:00:00Z,AR7
ar7aug112008.cnv,2008-08-11T00:00:00Z,AR7
ar7sep2008.cnv,2008-09-08T00:00:00Z,AR7
AR7Oct062008.cnv,2008-10-06T00:00:00Z,AR7
ar7Nov12_2008.cnv,2008-11-12T00:00:00Z,AR7
ar7apr2009006.cnv,2009-04-14T00:00:00Z,AR7
ar7may112009.cnv,2009-05-11T00:00:00Z,AR7
ar7jun162009.cnv,2009-06-16T00:00:00Z,AR7
ar7july2009.cnv,2009-07-14T00:00:00Z,AR7
ar7aug2009.cnv,2009-08-11T00:00:00Z,AR7
ar7sep2009.cnv,2009-09-07T00:00:00Z,AR7
ar7_nov03_2009.cnv,2009-11-03T00:00:00Z,AR7
ar7apr192010.cnv,2010-04-19T00:00:00Z,AR7
AR7may2010003.cnv,2010-05-17T00:00:00Z,AR7
alr7jun2010.cnv,2010-06-14T00:00:00Z,AR7
ar7july2010.cnv,2010-07-14T00:00:00Z,AR7
ar7Aug2010.cnv,2010-08-09T00:00:00Z,AR7
alr7sep08.2010.cnv,2010-09-08T00:00:00Z,AR7
AR7_Oct04_2010.cnv,2010-10-04T00:00:00Z,AR7
ar7nov08.2010.cnv,2010-11-08T00:00:00Z,AR7
AR7_Apr_26_2011.cnv,2011-04-26T00:00:00Z,AR7
AR7_May_18_2011.cnv,2011-05-18T00:00:00Z,AR7
AR7_Jun14_2011.cnv,2011-06-14T00:00:00Z,AR7
AR7_Jul13_2011.cnv,2011-07-13T00:00:00Z,AR7
AR7_Aug_10_2011.cnv,2011-08-10T00:00:00Z,AR7
AR7_Sep_07_2011.cnv,2011-09-07T00:00:00Z,AR7
AR7_Oct_11_2011.cnv,2011-10-11T00:00:00Z,AR7
AR7_Nov_07_2011.cnv,2011-11-07T00:00:00Z,AR7
AR7_Apr18_2012.cnv,2012-04-18T00:00:00Z,AR7
AR7_May_16_2012.cnv,2012-05-16T00:00:00Z,AR7
AR7_Jun_11_2012.cnv,2012-06-11T00:00:00Z,AR7
AR7_Jun_26_2012.cnv,2012-06-26T00:00:00Z,AR7
AR7_Jul_11_2012.cnv,2012-07-11T00:00:00Z,AR7
AR7_Aug_08_2012.cnv,2012-08-08T00:00:00Z,AR7
AR7_Sep_03_2012.cnv,2012-09-03T00:00:00Z,AR7
AR7_Oct_08_2012.cnv,2012-10-08T00:00:00Z,AR7
AR7_Oct_31_2012.cnv,2012-11-01T00:00:00Z,AR7
AR7_Apr17_2013.cnv,2013-04-17T00:00:00Z,AR7
AR7_May15_2013.cnv,2013-05-15T00:00:00Z,AR7
AR7_June_10_2013.cnv,2013-06-10T00:00:00Z,AR7
AR7_June_23_2013.cnv,2013-06-23T00:00:00Z,AR7
ALR_Jul_2013007.cnv,2013-07-08T00:00:00Z,AR7
ARL_Aug_2013007.cnv,2013-08-07T00:00:00Z,AR7
AR_Oct_2013007.cnv,2013-10-07T00:00:00Z,AR7
ALR_Nov_2013007.cnv,2013-11-04T00:00:00Z,AR7
AR7_May21_2014.cnv,2014-05-21T00:00:00Z,AR7
AR7_June18_2014.cnv,2014-06-18T00:00:00Z,AR7
AR7_July03_2014_008.cnv,2014-07-03T00:00:00Z,AR7
AR_July1416_2014007.cnv,2014-07-14T00:00:00Z,AR7
AR_2014_Aug11and13007.cnv,2014-08-13T00:00:00Z,AR7
AR_Sep007.cnv,2014-09-08T00:00:00Z,AR7
AR_Oct0608_2014_AR7.cnv,2014-10-06T00:00:00Z,AR7
AR_2014_Nov0305_AR7.cnv,2014-11-03T00:00:00Z,AR7
AR7_15Apr2015017.cnv,2015-04-15T00:00:00Z,AR7
AR7_12May2015017.cnv,2015-05-12T00:00:00Z,AR7
AR7_June10_007.cnv,2015-06-10T00:00:00Z,AR7
AR7_22-23June2015002.cnv,2015-06-22T00:00:00Z,AR7
AR7_July8_2015009.cnv,2015-07-08T00:00:00Z,AR7
AR7_03Aug2015003.cnv,2015-08-03T00:00:00Z,AR7
AR7_02Sept2015010.cnv,2015-09-02T00:00:00Z,AR7
AR7_05Oct2015003.cnv,2015-10-05T00:00:00Z,AR7
AR7_03Nov2015010.cnv,2015-11-03T00:00:00Z,AR7
ar611y97.hyd,1997-05-11T00:00:00Z,AR6
ar612u97.hyd,1997-06-12T00:00:00Z,AR6
ar610l97.hyd,1997-07-10T00:00:00Z,AR6
ar614g97.hyd,1997-08-14T00:00:00Z,AR6
ar608s97.hyd,1997-09-08T00:00:00Z,AR6
ar623o97.hyd,1997-10-23T00:00:00Z,AR6
ar614n97.hyd,1997-11-14T00:00:00Z,AR6
ar630j98.hyd,1998-01-30T00:00:00Z,AR6
ar623m98.hyd,1998-03-23T00:00:00Z,AR6
ar630a98.hyd,1998-04-30T00:00:00Z,AR6
ar629y98.hyd,1998-05-29T00:00:00Z,AR6
ar625u98.hyd,1998-06-25T00:00:00Z,AR6
ar629l98.hyd,1998-07-29T00:00:00Z,AR6
ar626g98.hyd,1998-08-26T00:00:00Z,AR6
ar602o98.hyd,1998-10-02T00:00:00Z,AR6
ar620o98.hyd,1998-10-20T00:00:00Z,AR6
ar619n98.hyd,1998-11-19T00:00:00Z,AR6
ar604j99.hyd,1999-01-04T00:00:00Z,AR6
ar618m99.hyd,1999-03-18T00:00:00Z,AR6
ar614a99.hyd,1999-04-14T00:00:00Z,AR6
ar613y99.hyd,1999-05-13T00:00:00Z,AR6
ar610u99.hyd,1999-06-10T00:00:00Z,AR6
ar622l99.hyd,1999-07-22T00:00:00Z,AR6
ar616s99.hyd,1999-09-16T00:00:00Z,AR6
ar604o99.hyd,1999-10-04T00:00:00Z,AR6
ar614o99.hyd,1999-10-14T00:00:00Z,AR6
ar626n99.hyd,1999-11-26T00:00:00Z,AR6
ar6jun132005.cnv,2005-06-13T00:00:00Z,AR6
ar6jul182005.cnv,2005-07-18T00:00:00Z,AR6
ar6aug152005.cnv,2005-08-15T00:00:00Z,AR6
ar6sep212005.cnv,2005-09-21T00:00:00Z,AR6
ar6oct172005.cnv,2005-10-17T00:00:00Z,AR6
ar6nov132005.cnv,2005-11-13T00:00:00Z,AR6
ar6apr162007.cnv,2007-04-16T00:00:00Z,AR6
ar6may142007.cnv,2007-05-14T00:00:00Z,AR6
ar6jun112007.cnv,2007-06-11T00:00:00Z,AR6
ar6jul092007.cnv,2007-07-09T00:00:00Z,AR6
ar6aug062007.cnv,2007-08-06T00:00:00Z,AR6
ar6sep092007.cnv,2007-09-09T00:00:00Z,AR6
ar6oct102007.cnv,2007-10-10T00:00:00Z,AR6
ar6nov052007.cnv,2007-11-05T00:00:00Z,AR6
ar6apr162008.cnv,2008-04-16T00:00:00Z,AR6
ar6may122008.cnv,2008-05-12T00:00:00Z,AR6
ar6jun162008.cnv,2008-06-16T00:00:00Z,AR6
ar6jul142008.cnv,2008-07-14T00:00:00Z,AR6
ar6aug112008.cnv,2008-08-11T00:00:00Z,AR6
ar6sep2008.cnv,2008-09-08T00:00:00Z,AR6
AR6Oct062008.cnv,2008-10-06T00:00:00Z,AR6
ar6Nov12_2008.cnv,2008-11-12T00:00:00Z,AR6
ar6apr2009007.cnv,2009-04-14T00:00:00Z,AR6
ar6may112009.cnv,2009-05-11T00:00:00Z,AR6
ar6jun162009.cnv,2009-06-16T00:00:00Z,AR6
ar6july2009.cnv,2009-07-14T00:00:00Z,AR6
ar6aug2009.cnv,2009-08-11T00:00:00Z,AR6
ar6sep2009.cnv,2009-09-07T00:00:00Z,AR6
ar6oct052009.cnv,2009-10-05T00:00:00Z,AR6
ar6_nov03_2009.cnv,2009-11-03T00:00:00Z,AR6
ar6apr192010.cnv,2010-04-19T00:00:00Z,AR6
AR6may2010004.cnv,2010-05-17T00:00:00Z,AR6
alr6jun2010.cnv,2010-06-14T00:00:00Z,AR6
ar6july2010.cnv,2010-07-14T00:00:00Z,AR6
ar6Aug2010.cnv,2010-08-09T00:00:00Z,AR6
alr6sep08.2010.cnv,2010-09-08T00:00:00Z,AR6
AR6_Oct04_2010.cnv,2010-10-04T00:00:00Z,AR6
ar6nov08.2010.cnv,2010-11-08T00:00:00Z,AR6
AR6_Apr_26_2011.cnv,2011-04-26T00:00:00Z,AR6
AR6_May_18_2011.cnv,2011-05-18T00:00:00Z,AR6
AR6_Jun14_2011.cnv,2011-06-14T00:00:00Z,AR6
AR6_Aug_10_2011.cnv,2011-08-10T00:00:00Z,AR6
AR6_Sep_07_2011.cnv,2011-09-07T00:00:00Z,AR6
AR6_Oct_11_2011.cnv,2011-10-11T00:00:00Z,AR6
AR6_Nov_07_2011.cnv,2011-11-07T00:00:00Z,AR6
AR6_Apr18_2012.cnv,2012-04-18T00:00:00Z,AR6
AR6_May_16_2012.cnv,2012-05-16T00:00:00Z,AR6
AR6_Jun_26_2012.cnv,2012-06-26T00:00:00Z,AR6
AR6_Jul_11_2012.cnv,2012-07-11T00:00:00Z,AR6
AR6_Sep_03_2012.cnv,2012-09-03T00:00:00Z,AR6
AR6_Oct_08_2012.cnv,2012-10-08T00:00:00Z,AR6
AR6_Oct_31_2012.cnv,2012-11-01T00:00:00Z,AR6
AR6_Apr17_2013.cnv,2013-04-17T00:00:00Z,AR6
AR6_May15_2013.cnv,2013-05-15T00:00:00Z,AR6
AR6_June_10_2013.cnv,2013-06-10T00:00:00Z,AR6
AR6_June_24_2013.cnv,2013-06-24T00:00:00Z,AR6
ALR_Jul_2013006.cnv,2013-07-08T00:00:00Z,AR6
ARL_Aug_2013006.cnv,2013-08-05T00:00:00Z,AR6
AR_Oct_2013006.cnv,2013-10-07T00:00:00Z,AR6
ALR_Nov_2013006.cnv,2013-11-04T00:00:00Z,AR6
AR6_May21_2014.cnv,2014-05-21T00:00:00Z,AR6
AR6_June18_2014.cnv,2014-06-18T00:00:00Z,AR6
AR6_July03_2014_007.cnv,2014-07-03T00:00:00Z,AR6
AR_July1416_2014006.cnv,2014-07-14T00:00:00Z,AR6
AR_2014_Aug11and13006.cnv,2014-08-11T00:00:00Z,AR6
AR_Sep006.cnv,2014-09-08T00:00:00Z,AR6
AR_Oct0608_2014_AR6.cnv,2014-10-06T00:00:00Z,AR6
AR_2014_Nov0305_AR6.cnv,2014-11-03T00:00:00Z,AR6
AR6_15Apr2015018.cnv,2015-04-15T00:00:00Z,AR6
AR6_12May2015018.cnv,2015-05-12T00:00:00Z,AR6
AR6_June10_008.cnv,2015-06-10T00:00:00Z,AR6
AR6_22-23June2015001.cnv,2015-06-22T00:00:00Z,AR6
AR6_July8_2015010.cnv,2015-07-08T00:00:00Z,AR6
AR6_03Aug2015004.cnv,2015-08-03T00:00:00Z,AR6
AR6_02Sept2015009.cnv,2015-09-02T00:00:00Z,AR6
AR6_05Oct2015004.cnv,2015-10-05T00:00:00Z,AR6
AR6_03Nov2015011.cnv,2015-11-03T00:00:00Z,AR6
ar508y97.hyd,1997-05-08T00:00:00Z,AR5
ar509u97.hyd,1997-06-09T00:00:00Z,AR5
ar508l97.hyd,1997-07-08T00:00:00Z,AR5
ar512g97.hyd,1997-08-12T00:00:00Z,AR5
ar511s97.hyd,1997-09-11T00:00:00Z,AR5
ar521o97.hyd,1997-10-21T00:00:00Z,AR5
ar510n97.hyd,1997-11-10T00:00:00Z,AR5
ar527j98.hyd,1998-01-27T00:00:00Z,AR5
ar519m98.hyd,1998-03-19T00:00:00Z,AR5
ar527a98.hyd,1998-04-27T00:00:00Z,AR5
ar525y98.hyd,1998-05-25T00:00:00Z,AR5
ar522u98.hyd,1998-06-22T00:00:00Z,AR5
ar527l98.hyd,1998-07-27T00:00:00Z,AR5
ar524g98.hyd,1998-08-24T00:00:00Z,AR5
ar529s98.hyd,1998-09-29T00:00:00Z,AR5
ar521o98.hyd,1998-10-21T00:00:00Z,AR5
ar517n98.hyd,1998-11-17T00:00:00Z,AR5
ar503j99.hyd,1999-01-03T00:00:00Z,AR5
ar516m99.hyd,1999-03-16T00:00:00Z,AR5
ar512a99.hyd,1999-04-12T00:00:00Z,AR5
ar511y99.hyd,1999-05-11T00:00:00Z,AR5
ar507u99.hyd,1999-06-07T00:00:00Z,AR5
ar519l99.hyd,1999-07-19T00:00:00Z,AR5
ar509g99.hyd,1999-08-09T00:00:00Z,AR5
ar514s99.hyd,1999-09-14T00:00:00Z,AR5
ar512o99.hyd,1999-10-12T00:00:00Z,AR5
ar528n99.hyd,1999-11-28T00:00:00Z,AR5
ar5jun142005.cnv,2005-06-14T00:00:00Z,AR5
ar5jul192005.cnv,2005-07-19T00:00:00Z,AR5
ar5aug162005.cnv,2005-08-16T00:00:00Z,AR5
ar5sep202005.cnv,2005-09-20T00:00:00Z,AR5
ar5oct192005.cnv,2005-10-19T00:00:00Z,AR5
ar5nov132005.cnv,2005-11-13T00:00:00Z,AR5
ar5apr172007.cnv,2007-04-17T00:00:00Z,AR5
ar5may152007.cnv,2007-05-15T00:00:00Z,AR5
ar5jun122007.cnv,2007-06-12T00:00:00Z,AR5
ar5jul102007.cnv,2007-07-10T00:00:00Z,AR5
ar5aug072006.cnv,2007-08-07T00:00:00Z,AR5
ar5sep082007.cnv,2007-09-08T00:00:00Z,AR5
ar5oct082007.cnv,2007-10-08T00:00:00Z,AR5
ar5nov042007.cnv,2007-11-04T00:00:00Z,AR5
ar5apr132008.cnv,2008-04-13T00:00:00Z,AR5
ar5may132008.cnv,2008-05-13T00:00:00Z,AR5
ar5jun172008.cnv,2008-06-17T00:00:00Z,AR5
ar5aug122008.cnv,2008-08-12T00:00:00Z,AR5
AR5Oct042008.cnv,2008-10-04T00:00:00Z,AR5
ar5Nov10_2008.cnv,2008-11-10T00:00:00Z,AR5
ar5apr2009001.cnv,2009-04-12T00:00:00Z,AR5
ar5may122009.cnv,2009-05-12T00:00:00Z,AR5
ar5jun142009.cnv,2009-06-14T00:00:00Z,AR5
ar5july2009.cnv,2009-07-12T00:00:00Z,AR5
ar5aug2009.cnv,2009-08-09T00:00:00Z,AR5
ar5sep2009.cnv,2009-09-08T00:00:00Z,AR5
ar5oct062009.cnv,2009-10-06T00:00:00Z,AR5
ar5_nov03_2009.cnv,2009-11-03T00:00:00Z,AR5
ar5apr202010.cnv,2010-04-20T00:00:00Z,AR5
AR5may2010005.cnv,2010-05-18T00:00:00Z,AR5
alr5jun2010.cnv,2010-06-14T00:00:00Z,AR5
ar5july2010.cnv,2010-07-12T00:00:00Z,AR5
ar5Aug2010.cnv,2010-08-10T00:00:00Z,AR5
alr5sep07.2010.cnv,2010-09-07T00:00:00Z,AR5
AR5_Oct12_2010.cnv,2010-10-12T00:00:00Z,AR5
ar5nov09.2010.cnv,2010-11-09T00:00:00Z,AR5
AR5_Apr_25_2011.cnv,2011-04-25T00:00:00Z,AR5
AR5_May_16_2011.cnv,2011-05-16T00:00:00Z,AR5
AR5_Jun_13_2011.cnv,2011-06-13T00:00:00Z,AR5
AR5_Jul11_2011.cnv,2011-07-11T00:00:00Z,AR5
AR5_Aug_08_2011.cnv,2011-08-08T00:00:00Z,AR5
AR5_Sep_05_2011.cnv,2011-09-05T00:00:00Z,AR5
AR5_Oct_10_2011.cnv,2011-10-10T00:00:00Z,AR5
AR5_Nov_06_2011.cnv,2011-11-06T00:00:00Z,AR5
AR5_Apr16_2012.cnv,2012-04-16T00:00:00Z,AR5
AR5_May_14_2012.cnv,2012-05-14T00:00:00Z,AR5
AR5_Jun_12_2012.cnv,2012-06-12T00:00:00Z,AR5
AR5_Jun_25_2012.cnv,2012-06-25T00:00:00Z,AR5
AR5_Jul_09_2012.cnv,2012-07-09T00:00:00Z,AR5
AR5_Aug_08_2012.cnv,2012-08-08T00:00:00Z,AR5
AR5_Sep_05_2012.cnv,2012-09-05T00:00:00Z,AR5
AR5_Oct_09_2012.cnv,2012-10-09T00:00:00Z,AR5
AR5_Nov_04_2012.cnv,2012-11-04T00:00:00Z,AR5
AR5_Apr15_2013.cnv,2013-04-15T00:00:00Z,AR5
AR5_May13_2013.cnv,2013-05-13T00:00:00Z,AR5
AR5_June_11_2013.cnv,2013-06-11T00:00:00Z,AR5
AR5_June_23_2013.cnv,2013-06-23T00:00:00Z,AR5
ALR_Jul_2013005.cnv,2013-07-08T00:00:00Z,AR5
ARL_Aug_2013005.cnv,2013-08-05T00:00:00Z,AR5
AR_Oct_2013005.cnv,2013-10-07T00:00:00Z,AR5
ALR_Nov_2013005.cnv,2013-11-04T00:00:00Z,AR5
AR5_May19_2014.cnv,2014-05-19T00:00:00Z,AR5
AR5_June16_2014.cnv,2014-06-16T00:00:00Z,AR5
AR5_July02_2014_006.cnv,2014-07-02T00:00:00Z,AR5
AR_July1416_2014005.cnv,2014-07-14T00:00:00Z,AR5
AR_2014_Aug11and13005.cnv,2014-08-11T00:00:00Z,AR5
AR_Sep005.cnv,2014-09-08T00:00:00Z,AR5
AR_Oct0608_2014_AR5.cnv,2014-10-06T00:00:00Z,AR5
AR_2014_Nov0305_AR5.cnv,2014-11-03T00:00:00Z,AR5
AR5_13Apr2015009.cnv,2015-04-13T00:00:00Z,AR5
AR5_10May2015009.cnv,2015-05-10T00:00:00Z,AR5
AR5_22-23June2015005.cnv,2015-06-23T00:00:00Z,AR5
AR5_July6_2015001.cnv,2015-07-06T00:00:00Z,AR5
AR5_04Aug2015005.cnv,2015-08-04T00:00:00Z,AR5
AR5_01Sept2015001.cnv,2015-09-01T00:00:00Z,AR5
AR5_06Oct2015005.cnv,2015-10-06T00:00:00Z,AR5
AR5a_02Nov2015001.cnv,2015-11-02T00:00:00Z,AR5
AR5b_02Nov2015002.cnv,2015-11-02T00:00:00Z,AR5
ar408y97.hyd,1997-05-08T00:00:00Z,AR4
ar409u97.hyd,1997-06-09T00:00:00Z,AR4
ar407l97.hyd,1997-07-07T00:00:00Z,AR4
ar411g97.hyd,1997-08-11T00:00:00Z,AR4
ar410s97.hyd,1997-09-10T00:00:00Z,AR4
ar421o97.hyd,1997-10-21T00:00:00Z,AR4
ar410n97.hyd,1997-11-10T00:00:00Z,AR4
ar427j98.hyd,1998-01-27T00:00:00Z,AR4
ar419m98.hyd,1998-03-19T00:00:00Z,AR4
ar427a98.hyd,1998-04-27T00:00:00Z,AR4
ar425y98.hyd,1998-05-25T00:00:00Z,AR4
ar422u98.hyd,1998-06-22T00:00:00Z,AR4
ar427l98.hyd,1998-07-27T00:00:00Z,AR4
ar424g98.hyd,1998-08-24T00:00:00Z,AR4
ar429s98.hyd,1998-09-29T00:00:00Z,AR4
ar421o98.hyd,1998-10-21T00:00:00Z,AR4
ar417n98.hyd,1998-11-17T00:00:00Z,AR4
ar403j99.hyd,1999-01-03T00:00:00Z,AR4
ar416m99.hyd,1999-03-16T00:00:00Z,AR4
ar411a99.hyd,1999-04-11T00:00:00Z,AR4
ar410y99.hyd,1999-05-10T00:00:00Z,AR4
ar407u99.hyd,1999-06-07T00:00:00Z,AR4
ar419l99.hyd,1999-07-19T00:00:00Z,AR4
ar409g99.hyd,1999-08-09T00:00:00Z,AR4
ar414s99.hyd,1999-09-14T00:00:00Z,AR4
ar411o99.hyd,1999-10-11T00:00:00Z,AR4
ar428n99.hyd,1999-11-28T00:00:00Z,AR4
ar4jun142005.cnv,2005-06-14T00:00:00Z,AR4
ar4jul192005.cnv,2005-07-19T00:00:00Z,AR4
ar4aug162005.cnv,2005-08-16T00:00:00Z,AR4
ar4sep202005.cnv,2005-09-20T00:00:00Z,AR4
ar4oct192005.cnv,2005-10-19T00:00:00Z,AR4
ar4nov142005.cnv,2005-11-14T00:00:00Z,AR4
ar4apr172007.cnv,2007-04-17T00:00:00Z,AR4
ar4may152007.cnv,2007-05-15T00:00:00Z,AR4
ar4jun122007.cnv,2007-06-12T00:00:00Z,AR4
ar4jul102007.cnv,2007-07-10T00:00:00Z,AR4
ar4aug072007.cnv,2007-08-07T00:00:00Z,AR4
ar4sep082007.cnv,2007-09-08T00:00:00Z,AR4
ar4oct082007.cnv,2007-10-08T00:00:00Z,AR4
ar4nov042007.cnv,2007-11-04T00:00:00Z,AR4
ar4apr132008.cnv,2008-04-13T00:00:00Z,AR4
ar4may132008.cnv,2008-05-13T00:00:00Z,AR4
ar4jun172008.cnv,2008-06-17T00:00:00Z,AR4
ar4aug122008.cnv,2008-08-12T00:00:00Z,AR4
AR4Oct042008.cnv,2008-10-04T00:00:00Z,AR4
ar4Nov10_2008.cnv,2008-11-10T00:00:00Z,AR4
ar4apr2009002.cnv,2009-04-12T00:00:00Z,AR4
ar4may122009.cnv,2009-05-12T00:00:00Z,AR4
ar4jun142009.cnv,2009-06-14T00:00:00Z,AR4
ar4july2009.cnv,2009-07-12T00:00:00Z,AR4
ar4aug2009.cnv,2009-08-09T00:00:00Z,AR4
ar4sep2009.cnv,2009-09-08T00:00:00Z,AR4
ar4oct062009.cnv,2009-10-06T00:00:00Z,AR4
ar4_nov03_2009.cnv,2009-11-03T00:00:00Z,AR4
ar4apr202010.cnv,2010-04-20T00:00:00Z,AR4
AR4may2010006.cnv,2010-05-18T00:00:00Z,AR4
alr4jun2010.cnv,2010-06-14T00:00:00Z,AR4
ar4july2010.cnv,2010-07-12T00:00:00Z,AR4
ar4Aug2010.cnv,2010-08-10T00:00:00Z,AR4
alr4sep07.2010.cnv,2010-09-07T00:00:00Z,AR4
AR4_Oct12_2010.cnv,2010-10-12T00:00:00Z,AR4
ar4nov09.2010.cnv,2010-11-09T00:00:00Z,AR4
AR4_Apr_25_2011.cnv,2011-04-25T00:00:00Z,AR4
AR4_May_16_2011.cnv,2011-05-16T00:00:00Z,AR4
AR4_Jun13_2011.cnv,2011-06-13T00:00:00Z,AR4
AR4_Jul11_2011.cnv,2011-07-11T00:00:00Z,AR4
AR4_Aug_08_2011.cnv,2011-08-08T00:00:00Z,AR4
AR4_Sep_05_2011.cnv,2011-09-05T00:00:00Z,AR4
AR4_Nov_06_2011.cnv,2011-11-06T00:00:00Z,AR4
AR4_Apr16_2012.cnv,2012-04-16T00:00:00Z,AR4
AR4_May_14_2012.cnv,2012-05-14T00:00:00Z,AR4
AR4_Jun_12_2012.cnv,2012-06-12T00:00:00Z,AR4
AR4_Jun_25_2012.cnv,2012-06-25T00:00:00Z,AR4
AR4_Jul_09_2012.cnv,2012-07-09T00:00:00Z,AR4
AR4_Aug_06_2012.cnv,2012-08-06T00:00:00Z,AR4
AR4_Sep_05_2012.cnv,2012-09-05T00:00:00Z,AR4
AR4_Oct_09_2012.cnv,2012-10-09T00:00:00Z,AR4
AR4_Nov_04_2012.cnv,2012-11-04T00:00:00Z,AR4
AR4_Apr15_2013.cnv,2013-04-15T00:00:00Z,AR4
AR4_May13_2013.cnv,2013-05-13T00:00:00Z,AR4
AR4_June_11_2013.cnv,2013-06-11T00:00:00Z,AR4
AR4_June_23_2013.cnv,2013-06-23T00:00:00Z,AR4
ALR_Jul_2013004.cnv,2013-07-08T00:00:00Z,AR4
ARL_Aug_2013004.cnv,2013-08-05T00:00:00Z,AR4
AR_Oct_2013004.cnv,2013-10-07T00:00:00Z,AR4
ALR_Nov_2013004.cnv,2013-11-04T00:00:00Z,AR4
AR4_May19_2014.cnv,2014-05-19T00:00:00Z,AR4
AR4_June16_2014.cnv,2014-06-16T00:00:00Z,AR4
AR4_July02_2014_005.cnv,2014-07-02T00:00:00Z,AR4
AR_July1416_2014004.cnv,2014-07-14T00:00:00Z,AR4
AR_2014_Aug11and13004.cnv,2014-08-11T00:00:00Z,AR4
AR_Sep004.cnv,2014-09-08T00:00:00Z,AR4
AR_Oct0608_2014_AR4.cnv,2014-10-06T00:00:00Z,AR4
AR_2014_Nov0305_AR4.cnv,2014-11-03T00:00:00Z,AR4
AR4_13Apr2015010.cnv,2015-04-13T00:00:00Z,AR4
AR4_10May2015010.cnv,2015-05-10T00:00:00Z,AR4
AR4_22-23June2015006.cnv,2015-06-23T00:00:00Z,AR4
AR4_July6_2015002.cnv,2015-07-06T00:00:00Z,AR4
AR4_04Aug2015006.cnv,2015-08-04T00:00:00Z,AR4
AR4_01Sept2015002.cnv,2015-09-01T00:00:00Z,AR4
AR4_06Oct2015006.cnv,2015-10-06T00:00:00Z,AR4
AR4_02Nov2015003.cnv,2015-11-02T00:00:00Z,AR4
ar308y97.hyd,1997-05-08T00:00:00Z,AR3
ar309u97.hyd,1997-06-09T00:00:00Z,AR3
ar307l97.hyd,1997-07-07T00:00:00Z,AR3
ar311g97.hyd,1997-08-11T00:00:00Z,AR3
ar310s97.hyd,1997-09-10T00:00:00Z,AR3
ar320o97.hyd,1997-10-20T00:00:00Z,AR3
ar310n97.hyd,1997-11-10T00:00:00Z,AR3
ar327j98.hyd,1998-01-27T00:00:00Z,AR3
ar319m98.hyd,1998-03-19T00:00:00Z,AR3
ar327a98.hyd,1998-04-27T00:00:00Z,AR3
ar325y98.hyd,1998-05-25T00:00:00Z,AR3
ar321u98.hyd,1998-06-21T00:00:00Z,AR3
ar326l98.hyd,1998-07-26T00:00:00Z,AR3
ar323g98.hyd,1998-08-23T00:00:00Z,AR3
ar328s98.hyd,1998-09-28T00:00:00Z,AR3
ar321o98.hyd,1998-10-21T00:00:00Z,AR3
ar316n98.hyd,1998-11-16T00:00:00Z,AR3
ar303j99.hyd,1999-01-03T00:00:00Z,AR3
ar315m99.hyd,1999-03-15T00:00:00Z,AR3
ar311a99.hyd,1999-04-11T00:00:00Z,AR3
ar310y99.hyd,1999-05-10T00:00:00Z,AR3
ar306u99.hyd,1999-06-06T00:00:00Z,AR3
ar319l99.hyd,1999-07-19T00:00:00Z,AR3
ar308g99.hyd,1999-08-08T00:00:00Z,AR3
ar313s99.hyd,1999-09-13T00:00:00Z,AR3
ar311o99.hyd,1999-10-11T00:00:00Z,AR3
ar328n99.hyd,1999-11-28T00:00:00Z,AR3
ar3jun142005.cnv,2005-06-14T00:00:00Z,AR3
ar3jul192005.cnv,2005-07-19T00:00:00Z,AR3
ar3aug162005.cnv,2005-08-16T00:00:00Z,AR3
ar3sep192005.cnv,2005-09-19T00:00:00Z,AR3
ar3oct182005.cnv,2005-10-18T00:00:00Z,AR3
ar3nov142005.cnv,2005-11-14T00:00:00Z,AR3
ar3apr172007.cnv,2007-04-17T00:00:00Z,AR3
ar3may152007.cnv,2007-05-15T00:00:00Z,AR3
ar3jun122007.cnv,2007-06-12T00:00:00Z,AR3
ar3jul102007.cnv,2007-07-10T00:00:00Z,AR3
ar3aug072007.cnv,2007-08-07T00:00:00Z,AR3
ar3sep082007.cnv,2007-09-08T00:00:00Z,AR3
ar3oct082007.cnv,2007-10-08T00:00:00Z,AR3
ar3nov042007.cnv,2007-11-04T00:00:00Z,AR3
ar3apr132008.cnv,2008-04-13T00:00:00Z,AR3
ar3may132008.cnv,2008-05-13T00:00:00Z,AR3
ar3jun172008.cnv,2008-06-17T00:00:00Z,AR3
ar3jul152008.cnv,2008-07-15T00:00:00Z,AR3
ar3aug122008.cnv,2008-08-12T00:00:00Z,AR3
ar3sep2008.cnv,2008-09-09T00:00:00Z,AR3
AR3Oct042008.cnv,2008-10-04T00:00:00Z,AR3
ar3Nov10_2008.cnv,2008-11-10T00:00:00Z,AR3
ar3apr2009003.cnv,2009-04-12T00:00:00Z,AR3
ar3may122009.cnv,2009-05-12T00:00:00Z,AR3
ar3jun142009.cnv,2009-06-14T00:00:00Z,AR3
ar3july2009.cnv,2009-07-12T00:00:00Z,AR3
ar3aug2009.cnv,2009-08-09T00:00:00Z,AR3
ar3sep2009.cnv,2009-09-08T00:00:00Z,AR3
ar3oct062009.cnv,2009-10-06T00:00:00Z,AR3
ar3_nov03_2009.cnv,2009-11-03T00:00:00Z,AR3
ar3apr202010.cnv,2010-04-20T00:00:00Z,AR3
AR3may2010007.cnv,2010-05-18T00:00:00Z,AR3
alr3jun20100.cnv,2010-06-14T00:00:00Z,AR3
ar3july2010.cnv,2010-07-12T00:00:00Z,AR3
ar3Aug2010.cnv,2010-08-10T00:00:00Z,AR3
alr3sep07.2010.cnv,2010-09-07T00:00:00Z,AR3
AR3_Oct12_2010.cnv,2010-10-12T00:00:00Z,AR3
ar3nov09.2010.cnv,2010-11-09T00:00:00Z,AR3
AR3_Apr_25_2011.cnv,2011-04-25T00:00:00Z,AR3
AR3_May_16_2011.cnv,2011-05-16T00:00:00Z,AR3
AR3_Jun13_2011.cnv,2011-06-13T00:00:00Z,AR3
AR3_Jul11_2011.cnv,2011-07-11T00:00:00Z,AR3
AR3_Aug_08_2011.cnv,2011-08-08T00:00:00Z,AR3
AR3_Sep_05_2011.cnv,2011-09-05T00:00:00Z,AR3
AR3_Oct_10_2011.cnv,2011-10-10T00:00:00Z,AR3
AR3_Nov_06_2011.cnv,2011-11-06T00:00:00Z,AR3
AR3_Apr16_2012.cnv,2012-04-16T00:00:00Z,AR3
AR3_May_14_2012.cnv,2012-05-14T00:00:00Z,AR3
AR3_Jun_12_2012.cnv,2012-06-12T00:00:00Z,AR3
AR3_Jun_25_2012.cnv,2012-06-25T00:00:00Z,AR3
AR3_Jul_09_2012.cnv,2012-07-09T00:00:00Z,AR3
AR3_Aug_06_2012.cnv,2012-08-06T00:00:00Z,AR3
AR3_Sep_05_2012.cnv,2012-09-05T00:00:00Z,AR3
AR3_Oct_09_2012.cnv,2012-10-09T00:00:00Z,AR3
AR3_Nov_04_2012.cnv,2012-11-04T00:00:00Z,AR3
AR3_Apr15_2013.cnv,2013-04-15T00:00:00Z,AR3
AR3_May13_2013.cnv,2013-05-13T00:00:00Z,AR3
AR3_June_11_2013.cnv,2013-06-11T00:00:00Z,AR3
AR3_June_23_2013.cnv,2013-06-23T00:00:00Z,AR3
ALR_Jul_2013003.cnv,2013-07-08T00:00:00Z,AR3
ARL_Aug_2013003.cnv,2013-08-05T00:00:00Z,AR3
AR_Oct_2013003.cnv,2013-10-07T00:00:00Z,AR3
ALR_Nov_2013003.cnv,2013-11-04T00:00:00Z,AR3
AR3_May19_2014.cnv,2014-05-19T00:00:00Z,AR3
AR3_June16_2014.cnv,2014-06-16T00:00:00Z,AR3
AR3_July02_2014_004.cnv,2014-07-02T00:00:00Z,AR3
AR_July1416_2014003.cnv,2014-07-14T00:00:00Z,AR3
AR_2014_Aug11and13003.cnv,2014-08-11T00:00:00Z,AR3
AR_Sep003.cnv,2014-09-08T00:00:00Z,AR3
AR_Oct0608_2014_AR3.cnv,2014-10-06T00:00:00Z,AR3
AR_2014_Nov0305_AR3.cnv,2014-11-03T00:00:00Z,AR3
AR3_13Apr2015011.cnv,2015-04-13T00:00:00Z,AR3
AR3_10May2015011.cnv,2015-05-10T00:00:00Z,AR3
AR3_Jun08_001.cnv,2015-06-08T00:00:00Z,AR3
AR3_22-23June2015007.cnv,2015-06-23T00:00:00Z,AR3
AR3_July6_2015003.cnv,2015-07-06T00:00:00Z,AR3
AR3_04Aug2015007.cnv,2015-08-04T00:00:00Z,AR3
AR3_01Sept2015003.cnv,2015-09-01T00:00:00Z,AR3
AR3_06Oct2015007.cnv,2015-10-06T00:00:00Z,AR3
AR3_02Nov2015004.cnv,2015-11-02T00:00:00Z,AR3
ar208y97.hyd,1997-05-08T00:00:00Z,AR2
ar209u97.hyd,1997-06-09T00:00:00Z,AR2
ar207l97.hyd,1997-07-07T00:00:00Z,AR2
ar211g97.hyd,1997-08-11T00:00:00Z,AR2
ar210s97.hyd,1997-09-10T00:00:00Z,AR2
ar220o97.hyd,1997-10-20T00:00:00Z,AR2
ar210n97.hyd,1997-11-10T00:00:00Z,AR2
ar227j98.hyd,1998-01-27T00:00:00Z,AR2
ar219m98.hyd,1998-03-19T00:00:00Z,AR2
ar227a98.hyd,1998-04-27T00:00:00Z,AR2
ar225y98.hyd,1998-05-25T00:00:00Z,AR2
ar221u98.hyd,1998-06-21T00:00:00Z,AR2
ar226l98.hyd,1998-07-26T00:00:00Z,AR2
ar223g98.hyd,1998-08-23T00:00:00Z,AR2
ar228s98.hyd,1998-09-28T00:00:00Z,AR2
ar222o98.hyd,1998-10-22T00:00:00Z,AR2
ar216n98.hyd,1998-11-16T00:00:00Z,AR2
ar203j99.hyd,1999-01-03T00:00:00Z,AR2
ar215m99.hyd,1999-03-15T00:00:00Z,AR2
ar211a99.hyd,1999-04-11T00:00:00Z,AR2
ar210y99.hyd,1999-05-10T00:00:00Z,AR2
ar206u99.hyd,1999-06-06T00:00:00Z,AR2
ar218l99.hyd,1999-07-18T00:00:00Z,AR2
ar208g99.hyd,1999-08-08T00:00:00Z,AR2
ar213s99.hyd,1999-09-13T00:00:00Z,AR2
ar211o99.hyd,1999-10-11T00:00:00Z,AR2
ar229n99.hyd,1999-11-29T00:00:00Z,AR2
ar2jun142005.cnv,2005-06-14T00:00:00Z,AR2
ar2jul192005.cnv,2005-07-19T00:00:00Z,AR2
ar2aug162005.cnv,2005-08-16T00:00:00Z,AR2
ar2sep192005.cnv,2005-09-19T00:00:00Z,AR2
ar2oct182005.cnv,2005-10-18T00:00:00Z,AR2
ar2nov142005.cnv,2005-11-14T00:00:00Z,AR2
ar2apr172007.cnv,2007-04-17T00:00:00Z,AR2
ar2may152007.cnv,2007-05-15T00:00:00Z,AR2
ar2jun122007.cnv,2007-06-12T00:00:00Z,AR2
ar2jul102007.cnv,2007-07-10T00:00:00Z,AR2
ar2aug072007.cnv,2007-08-07T00:00:00Z,AR2
ar2sep082007.cnv,2007-09-08T00:00:00Z,AR2
ar2oct082007.cnv,2007-10-08T00:00:00Z,AR2
ar2nov042007.cnv,2007-11-04T00:00:00Z,AR2
ar2apr132008.cnv,2008-04-13T00:00:00Z,AR2
ar2may132008.cnv,2008-05-13T00:00:00Z,AR2
ar2jun172008.cnv,2008-06-17T00:00:00Z,AR2
ar2jul152008.cnv,2008-07-15T00:00:00Z,AR2
ar2aug122008.cnv,2008-08-12T00:00:00Z,AR2
ar2sep2008.cnv,2008-09-09T00:00:00Z,AR2
AR2Oct042008.cnv,2008-10-04T00:00:00Z,AR2
ar2Nov10_2008.cnv,2008-11-10T00:00:00Z,AR2
ar2apr2009004.cnv,2009-04-12T00:00:00Z,AR2
ar2may122009.cnv,2009-05-12T00:00:00Z,AR2
ar2jun142009.cnv,2009-06-14T00:00:00Z,AR2
ar2july2009.cnv,2009-07-12T00:00:00Z,AR2
ar2aug2009.cnv,2009-08-09T00:00:00Z,AR2
ar2sep2009.cnv,2009-09-08T00:00:00Z,AR2
ar2oct062009.cnv,2009-10-06T00:00:00Z,AR2
ar2_nov03_2009.cnv,2009-11-03T00:00:00Z,AR2
ar2apr202010.cnv,2010-04-20T00:00:00Z,AR2
AR2may2010008.cnv,2010-05-18T00:00:00Z,AR2
al2rjun2010.cnv,2010-06-14T00:00:00Z,AR2
ar2july2010.cnv,2010-07-12T00:00:00Z,AR2
ar2Aug2010.cnv,2010-08-10T00:00:00Z,AR2
alr2sep07.2010.cnv,2010-09-07T00:00:00Z,AR2
AR2_Oct12_2010.cnv,2010-10-12T00:00:00Z,AR2
ar2nov09.2010.cnv,2010-11-09T00:00:00Z,AR2
AR2_Apr_25_2011.cnv,2011-04-25T00:00:00Z,AR2
AR2_May_16_2011.cnv,2011-05-16T00:00:00Z,AR2
AR2_Jun13_2011.cnv,2011-06-13T00:00:00Z,AR2
AR2_Jul11_2011.cnv,2011-07-11T00:00:00Z,AR2
AR2_Aug_08_2011.cnv,2011-08-08T00:00:00Z,AR2
AR2_Sep_05_2011.cnv,2011-09-05T00:00:00Z,AR2
AR2_Oct_10_2011.cnv,2011-10-10T00:00:00Z,AR2
AR2_Nov_06_2011.cnv,2011-11-06T00:00:00Z,AR2
AR2_Apr16_2012.cnv,2012-04-16T00:00:00Z,AR2
AR2_May_14_2012.cnv,2012-05-14T00:00:00Z,AR2
AR2_Jun_12_2012.cnv,2012-06-12T00:00:00Z,AR2
AR2_Jun_25_2012.cnv,2012-06-25T00:00:00Z,AR2
AR2_Jul_09_2012.cnv,2012-07-09T00:00:00Z,AR2
AR2_Aug_06_2012.cnv,2012-08-06T00:00:00Z,AR2
AR2_Sep_05_2012.cnv,2012-09-05T00:00:00Z,AR2
AR2_Oct_09_2012.cnv,2012-10-09T00:00:00Z,AR2
AR2_Nov_04_2012.cnv,2012-11-04T00:00:00Z,AR2
AR2_Apr15_2013.cnv,2013-04-15T00:00:00Z,AR2
AR2_May13_2013.cnv,2013-05-13T00:00:00Z,AR2
AR2_June_11_2013.cnv,2013-06-11T00:00:00Z,AR2
AR2_June_23_2013.cnv,2013-06-23T00:00:00Z,AR2
ALR_Jul_2013002.cnv,2013-07-08T00:00:00Z,AR2
ARL_Aug_2013002.cnv,2013-08-05T00:00:00Z,AR2
AR_Oct_2013002.cnv,2013-10-07T00:00:00Z,AR2
ALR_Nov_2013002.cnv,2013-11-04T00:00:00Z,AR2
AR2_May19_2014.cnv,2014-05-19T00:00:00Z,AR2
AR2_June16_2014.cnv,2014-06-16T00:00:00Z,AR2
AR2_July02_2014_003.cnv,2014-07-02T00:00:00Z,AR2
AR_July1416_2014002.cnv,2014-07-14T00:00:00Z,AR2
AR_2014_Aug11and13002.cnv,2014-08-11T00:00:00Z,AR2
AR_Sep002.cnv,2014-09-08T00:00:00Z,AR2
AR_Oct0608_2014_AR2.cnv,2014-10-06T00:00:00Z,AR2
AR_2014_Nov0305_AR2.cnv,2014-11-03T00:00:00Z,AR2
AR2_13Apr2015012.cnv,2015-04-13T00:00:00Z,AR2
AR2_10May2015012.cnv,2015-05-10T00:00:00Z,AR2
AR2_June08_002.cnv,2015-06-08T00:00:00Z,AR2
AR2_22-23June2015008.cnv,2015-06-23T00:00:00Z,AR2
AR2_July6_2015004.cnv,2015-07-06T00:00:00Z,AR2
AR2_04Aug2015008.cnv,2015-08-04T00:00:00Z,AR2
AR2_01Sept2015004.cnv,2015-09-01T00:00:00Z,AR2
AR2_06Oct2015008.cnv,2015-10-06T00:00:00Z,AR2
AR2_02Nov2015005.cnv,2015-11-02T00:00:00Z,AR2
ar108y97.hyd,1997-05-08T00:00:00Z,AR1
ar109u97.hyd,1997-06-09T00:00:00Z,AR1
ar107l97.hyd,1997-07-07T00:00:00Z,AR1
ar111g97.hyd,1997-08-11T00:00:00Z,AR1
ar110s97.hyd,1997-09-10T00:00:00Z,AR1
ar120o97.hyd,1997-10-20T00:00:00Z,AR1
ar110n97.hyd,1997-11-10T00:00:00Z,AR1
ar127j98.hyd,1998-01-27T00:00:00Z,AR1
ar119m98.hyd,1998-03-19T00:00:00Z,AR1
ar127a98.hyd,1998-04-27T00:00:00Z,AR1
ar125y98.hyd,1998-05-25T00:00:00Z,AR1
ar121u98.hyd,1998-06-21T00:00:00Z,AR1
ar126l98.hyd,1998-07-26T00:00:00Z,AR1
ar124g98.hyd,1998-08-24T00:00:00Z,AR1
ar128s98.hyd,1998-09-28T00:00:00Z,AR1
ar122o98.hyd,1998-10-22T00:00:00Z,AR1
ar116n98.hyd,1998-11-16T00:00:00Z,AR1
ar103j99.hyd,1999-01-03T00:00:00Z,AR1
ar115m99.hyd,1999-03-15T00:00:00Z,AR1
ar111a99.hyd,1999-04-11T00:00:00Z,AR1
ar110y99.hyd,1999-05-10T00:00:00Z,AR1
ar107u99.hyd,1999-06-07T00:00:00Z,AR1
ar118l99.hyd,1999-07-18T00:00:00Z,AR1
ar108g99.hyd,1999-08-08T00:00:00Z,AR1
ar113s99.hyd,1999-09-13T00:00:00Z,AR1
ar111o99.hyd,1999-10-11T00:00:00Z,AR1
ar129n99.hyd,1999-11-29T00:00:00Z,AR1
ar1jun142005.cnv,2005-06-14T00:00:00Z,AR1
ar1jul192005.cnv,2005-07-19T00:00:00Z,AR1
ar1aug162005.cnv,2005-08-16T00:00:00Z,AR1
ar1sep192005.cnv,2005-09-19T00:00:00Z,AR1
ar1oct182005.cnv,2005-10-18T00:00:00Z,AR1
ar1nov142005.cnv,2005-11-14T00:00:00Z,AR1
ar1apr172007.cnv,2007-04-17T00:00:00Z,AR1
ar1may152007.cnv,2007-05-15T00:00:00Z,AR1
ar1jun122007.cnv,2007-06-12T00:00:00Z,AR1
ar1jul102007.cnv,2007-07-10T00:00:00Z,AR1
ar1aug072007.cnv,2007-08-07T00:00:00Z,AR1
ar1sep082007.cnv,2007-09-08T00:00:00Z,AR1
ar1oct082007.cnv,2007-10-08T00:00:00Z,AR1
ar1nov042007.cnv,2007-11-04T00:00:00Z,AR1
ar1apr132008.cnv,2008-04-13T00:00:00Z,AR1
ar1may132008.cnv,2008-05-13T00:00:00Z,AR1
ar1jun172008.cnv,2008-06-17T00:00:00Z,AR1
ar1jul152008.cnv,2008-07-15T00:00:00Z,AR1
ar1aug122008.cnv,2008-08-12T00:00:00Z,AR1
ar1sep2008.cnv,2008-09-09T00:00:00Z,AR1
AR1Oct042008.cnv,2008-10-04T00:00:00Z,AR1
ar1Nov10_2008.cnv,2008-11-10T00:00:00Z,AR1
ar1apr2009005.cnv,2009-04-12T00:00:00Z,AR1
ar1may122009.cnv,2009-05-12T00:00:00Z,AR1
ar1jun142009.cnv,2009-06-14T00:00:00Z,AR1
ar1july2009.cnv,2009-07-12T00:00:00Z,AR1
ar1aug2009.cnv,2009-08-09T00:00:00Z,AR1
ar1sep2009.cnv,2009-09-09T00:00:00Z,AR1
ar1oct062009.cnv,2009-10-06T00:00:00Z,AR1
ar1_nov03_2009.cnv,2009-11-03T00:00:00Z,AR1
ar1apr202010.cnv,2010-04-20T00:00:00Z,AR1
AR1may2010009.cnv,2010-05-18T00:00:00Z,AR1
alr1jun2010.cnv,2010-06-14T00:00:00Z,AR1
ar1july2010.cnv,2010-07-12T00:00:00Z,AR1
ar1Aug2010.cnv,2010-08-10T00:00:00Z,AR1
alr1sep07.2010.cnv,2010-09-07T00:00:00Z,AR1
AR1_Oct12_2010.cnv,2010-10-12T00:00:00Z,AR1
ar1nov09.2010.cnv,2010-11-09T00:00:00Z,AR1
AR1_Apr_25_2011.cnv,2011-04-25T00:00:00Z,AR1
AR1_May_16_2011.cnv,2011-05-16T00:00:00Z,AR1
AR1_Jun13_2011.cnv,2011-06-13T00:00:00Z,AR1
AR1_Jul11_2011.cnv,2011-07-11T00:00:00Z,AR1
AR1_Aug_08_2011.cnv,2011-08-08T00:00:00Z,AR1
AR1_Sep_05_2011.cnv,2011-09-05T00:00:00Z,AR1
AR1_Oct_10_2011.cnv,2011-10-10T00:00:00Z,AR1
AR1_Nov_06_2011.cnv,2011-11-06T00:00:00Z,AR1
AR1_Apr16_2012.cnv,2012-04-16T00:00:00Z,AR1
AR1_May_14_2012.cnv,2012-05-14T00:00:00Z,AR1
AR1_Jun_12_2012.cnv,2012-06-12T00:00:00Z,AR1
AR1_Jun_25_2012.cnv,2012-06-25T00:00:00Z,AR1
AR1_Jul_09_2012.cnv,2012-07-09T00:00:00Z,AR1
AR1_Aug_06_2012.cnv,2012-08-06T00:00:00Z,AR1
AR1_Sep_05_2012.cnv,2012-09-05T00:00:00Z,AR1
AR1_Oct_09_2012.cnv,2012-10-09T00:00:00Z,AR1
AR1_Nov_04_2012.cnv,2012-11-04T00:00:00Z,AR1
AR1_Apr15_2013.cnv,2013-04-15T00:00:00Z,AR1
AR1_May13_2013.cnv,2013-05-13T00:00:00Z,AR1
AR1_June_11_2013.cnv,2013-06-11T00:00:00Z,AR1
AR1_June_23_2013.cnv,2013-06-23T00:00:00Z,AR1
ALR_Jul_2013001.cnv,2013-07-08T00:00:00Z,AR1
ARL_Aug_2013001.cnv,2013-08-05T00:00:00Z,AR1
AR_Oct_2013001.cnv,2013-10-07T00:00:00Z,AR1
ALR_Nov_2013001.cnv,2013-11-04T00:00:00Z,AR1
AR1_May19_2014.cnv,2014-05-19T00:00:00Z,AR1
AR1_June16_2014.cnv,2014-06-16T00:00:00Z,AR1
AR1_July02_2014_002.cnv,2014-07-02T00:00:00Z,AR1
AR_July1416_2014001.cnv,2014-07-14T00:00:00Z,AR1
AR_2014_Aug11and13001.cnv,2014-08-11T00:00:00Z,AR1
AR_Sep001.cnv,2014-09-08T00:00:00Z,AR1
AR_Oct0608_2014_AR1.cnv,2014-10-06T00:00:00Z,AR1
AR_2014_Nov0305_AR1.cnv,2014-11-03T00:00:00Z,AR1
AR1_13Apr2015013.cnv,2015-04-13T00:00:00Z,AR1
AR1_10May2015013.cnv,2015-05-10T00:00:00Z,AR1
AR1_June08_003.cnv,2015-06-08T00:00:00Z,AR1
AR1_22-23June2015009.cnv,2015-06-23T00:00:00Z,AR1
AR1_July6_2015005.cnv,2015-07-06T00:00:00Z,AR1
AR1_04Aug2015009.cnv,2015-08-04T00:00:00Z,AR1
AR1_01Sept2015005.cnv,2015-09-01T00:00:00Z,AR1
AR1_06Oct2015009.cnv,2015-10-06T00:00:00Z,AR1
AR1_02Nov2015006.cnv,2015-11-02T00:00:00Z,AR1
ALR_Jul_2013009.cnv,2013-07-08T00:00:00Z,AR1
ALR_Jul_2013010.cnv,2013-07-08T00:00:00Z,HL1
AR_Oct_2013009.cnv,2013-10-07T00:00:00Z,AR6
ALR_Nov_2013009.cnv,2013-11-04T00:00:00Z,AR7
ALR_Nov_2013010.cnv,2013-11-04T00:00:00Z,AR6
AR_HL4_13_15June_2016007.cnv,2016-06-15T00:00:00Z,HL4
AR_HL4_8-10Aug2016006.cnv,2016-08-10T00:00:00Z,HL4
AR1_11Oct2016017.cnv,2016-10-11T00:00:00Z,AR1
AR1_13_15June_2016006.cnv,2016-06-13T00:00:00Z,AR1
AR1_16May2016005.cnv,2016-05-16T00:00:00Z,AR1
AR1_18Apr2016013.cnv,2016-04-18T00:00:00Z,AR1
AR1_31Oct2016005.cnv,2016-10-31T00:00:00Z,AR1
AR1_5-7Sep2016005.cnv,2016-09-05T00:00:00Z,AR1
AR1_8-10Aug2016005.cnv,2016-08-08T00:00:00Z,AR1
AR2_11Oct2016016.cnv,2016-10-11T00:00:00Z,AR2
AR2_13_15June_2016005.cnv,2016-06-13T00:00:00Z,AR2
AR2_16May2016004.cnv,2016-05-16T00:00:00Z,AR2
AR2_18Apr2016012.cnv,2016-04-18T00:00:00Z,AR2
AR2_31Oct2016004.cnv,2016-10-31T00:00:00Z,AR2
AR2_5-7Sep2016004.cnv,2016-09-05T00:00:00Z,AR2
AR2_8-10Aug2016004.cnv,2016-08-08T00:00:00Z,AR2
AR3_11Oct2016015.cnv,2016-06-13T00:00:00Z,AR3
AR3_13_15June_2016004.cnv,2016-10-11T00:00:00Z,AR3
AR3_16May2016003.cnv,2016-05-16T00:00:00Z,AR3
AR3_18Apr2016011.cnv,2016-04-18T00:00:00Z,AR3
AR3_31Oct2016003.cnv,2016-10-31T00:00:00Z,AR3
AR3_5-7Sep2016003.cnv,2016-09-05T00:00:00Z,AR3
AR3_8-10Aug2016003.cnv,2016-08-08T00:00:00Z,AR3
AR4_11Oct2016014.cnv,2016-10-11T00:00:00Z,AR4
AR4_13_15June_2016003.cnv,2016-06-13T00:00:00Z,AR4
AR4_16May2016002.cnv,2016-05-16T00:00:00Z,AR4
AR4_18Apr2016009.cnv,2016-04-18T00:00:00Z,AR4
AR4_31Oct2016002.cnv,2016-10-31T00:00:00Z,AR4
AR4_5-7Sep2016002.cnv,2016-09-05T00:00:00Z,AR4
AR4_8-10Aug2016002.cnv,2016-08-08T00:00:00Z,AR4
AR5_11Oct2016013.cnv,2016-10-11T00:00:00Z,AR5
AR5_13_15June_2016002.cnv,2016-06-13T00:00:00Z,AR5
AR5_16May2016001.cnv,2016-05-16T00:00:00Z,AR5
AR5_18Apr2016010.cnv,2016-04-18T00:00:00Z,AR5
AR5_31Oct2016001.cnv,2016-10-31T00:00:00Z,AR5
AR5_5-7Sep2016001.cnv,2016-09-05T00:00:00Z,AR5
AR5_8-10Aug2016001.cnv,2016-10-08T00:00:00Z,AR5
AR6_01Nov2016004.cnv,2016-11-01T00:00:00Z,AR6
AR6_05Oct2016012.cnv,2016-10-05T00:00:00Z,AR6
AR6_13_15June_2016010.cnv,2016-06-15T00:00:00Z,AR6
AR6_18May2016003.cnv,2016-05-18T00:00:00Z,AR6
AR6_20Apr2016004.cnv,2016-04-20T00:00:00Z,AR6
AR6_5-7Sep2016009.cnv,2016-09-07T00:00:00Z,AR6
AR6_8-10Aug2016009.cnv,2016-08-10T00:00:00Z,AR6
AR7_01Nov2016003.cnv,2016-11-01T00:00:00Z,AR7
AR7_05Oct2016011.cnv,2016-10-05T00:00:00Z,AR7
AR7_13_15June_2016009.cnv,2016-06-15T00:00:00Z,AR7
AR7_18May2016002.cnv,2016-05-18T00:00:00Z,AR7
AR7_20Apr2016003.cnv,2016-04-20T00:00:00Z,AR7
AR7_5-7Sep2016008.cnv,2016-09-07T00:00:00Z,AR7
AR7_8-10Aug2016008.cnv,2016-08-10T00:00:00Z,AR7
AR8_01Nov2016002.cnv,2016-11-01T00:00:00Z,AR8
AR8_05Oct2016010.cnv,2016-10-05T00:00:00Z,AR8
AR8_13_15June_2016008.cnv,2016-06-15T00:00:00Z,AR8
AR8_18May2016001.cnv,2016-05-18T00:00:00Z,AR8
AR8_20Apr2016002.cnv,2016-04-20T00:00:00Z,AR8
AR8_5-7Sep2016007.cnv,2016-09-07T00:00:00Z,AR8
AR8_8-10Aug2016007.cnv,2016-08-10T00:00:00Z,AR8
HL4_01Nov2016001.cnv,2016-11-01T00:00:00Z,HL4
HL4_05Oct2016009.cnv,2016-10-05T00:00:00Z,HL4
HL4_18May2016006.cnv,2016-05-18T00:00:00Z,HL4
HL4_20Apr2016001.cnv,2016-11-01T00:00:00Z,HL4
HL4_5-7Sep2016006.cnv,2016-09-07T00:00:00Z,HL4
